solver,solver_label,scenario,rollout_seed,init_idx,goal_idx,init_name,goal_name,obstacle_xmin,obstacle_xmax,obstacle_ymin,obstacle_ymax,obstacle_zmin,obstacle_zmax,direct_path_blocked,init_collision,goal_collision,reached,success,solve_iterations,executed_steps,max_iter,total_solver_elapsed_s,q_tol,ee_tol,qdot_tol,max_pair_q_distance,mean_solver_elapsed_s,wall_elapsed_s,final_q_error,final_ee_error,final_qdot_norm,collision_count,connection_distance,horizon,samples_per_branch,samples_total_per_iter,trajectory_csv
bicmppi,BiC-MPPI,0,260800,0,1,home_mid,detour_high,-0.31367746956,-0.24367746956,-0.353560096526,-0.283560096526,0.579545983652,0.689545983652,1,0,0,0,0,200,200,200,10.961941887,0.03,0.05,0.2,inf,0.054809709435,10.967147637,0.916057339415,0.601591954396,0.358888769026,0,0.805571595309,45,1024,3072,../random_pose_benchmark/results/trajectories/bicmppi/scenario_00_executed_x.csv
bicmppi,BiC-MPPI,1,260801,0,2,home_mid,goal_right,-0.275976061595,-0.205976061595,-0.489352121758,-0.419352121758,0.286593573741,0.396593573741,1,0,0,0,0,200,200,200,10.423747804,0.03,0.05,0.2,inf,0.05211873902,10.428827831,0.0702905449975,0.0304716085323,0.0428054944208,0,0.059017029033,45,1024,3072,../random_pose_benchmark/results/trajectories/bicmppi/scenario_01_executed_x.csv
bicmppi,BiC-MPPI,2,260802,0,3,home_mid,pre_pick,-0.607483943923,-0.537483943923,-0.0283318573658,0.0416681426342,0.36794023619,0.47794023619,1,1,0,1,0,169,168,200,5.85565789,0.03,0.05,0.2,inf,0.0346488632544,5.860349759,0.0222565439344,0.0132490817676,0.183163786117,98,0.0173085856885,45,1024,3072,../random_pose_benchmark/results/trajectories/bicmppi/scenario_02_executed_x.csv
bicmppi,BiC-MPPI,3,260803,0,4,home_mid,pick_low,-0.594664405521,-0.524664405521,-0.050386080541,0.019613919459,0.219840489234,0.329840489234,1,0,0,1,1,80,79,200,4.252803349,0.03,0.05,0.2,inf,0.0531600418625,4.254960951,0.0293285915143,0.0176752465547,0.127639957039,0,0.0419922819183,45,1024,3072,../random_pose_benchmark/results/trajectories/bicmppi/scenario_03_executed_x.csv
bicmppi,BiC-MPPI,4,260804,0,5,home_mid,transfer_high,-0.563266786509,-0.493266786509,-0.236034899121,-0.166034899121,0.434963089659,0.544963089659,1,1,1,0,0,200,200,200,5.133956597,0.03,0.05,0.2,inf,0.025669782985,5.139751615,0.234969198161,0.150674226991,0.126181276623,70,0.243518174319,45,1024,3072,../random_pose_benchmark/results/trajectories/bicmppi/scenario_04_executed_x.csv
bicmppi,BiC-MPPI,5,260805,0,6,home_mid,pre_place,-0.438301799168,-0.368301799168,-0.416779161637,-0.346779161637,0.376307902549,0.486307902549,1,0,0,0,0,200,200,200,10.314536483,0.03,0.05,0.2,inf,0.051572682415,10.319415286,0.707206421618,0.445546526683,0.158104989359,0,0.713340433162,45,1024,3072,../random_pose_benchmark/results/trajectories/bicmppi/scenario_05_executed_x.csv
bicmppi,BiC-MPPI,6,260806,0,7,home_mid,place_low,-0.412994764757,-0.342994764757,-0.402203903236,-0.332203903236,0.209774155962,0.319774155962,1,0,1,0,0,200,200,200,7.206635294,0.03,0.05,0.2,inf,0.03603317647,7.211752987,0.558139029515,0.238192188377,0.189453751053,0,0.56973515403,45,1024,3072,../random_pose_benchmark/results/trajectories/bicmppi/scenario_06_executed_x.csv
bicmppi,BiC-MPPI,7,260807,0,8,home_mid,left_high,-0.562265368036,-0.492265368036,0.0349158075425,0.104915807543,0.408187441779,0.518187441779,1,1,0,1,0,148,147,200,5.240253322,0.03,0.05,0.2,inf,0.0354071170405,5.244280712,0.029219043985,0.0148944436459,0.165207407597,83,0.0199860021752,45,1024,3072,../random_pose_benchmark/results/trajectories/bicmppi/scenario_07_executed_x.csv
bicmppi,BiC-MPPI,8,260808,0,9,home_mid,left_low,-0.569036939865,-0.499036939865,0.0203728841544,0.0903728841544,0.250175787537,0.360175787537,1,0,0,1,1,76,75,200,4.01289854,0.03,0.05,0.2,inf,0.0528012965789,4.014784714,0.0294565652451,0.0167426670785,0.159141340382,0,0.0155163361129,45,1024,3072,../random_pose_benchmark/results/trajectories/bicmppi/scenario_08_executed_x.csv
bicmppi,BiC-MPPI,9,260809,0,10,home_mid,right_high,-0.384509802851,-0.314509802851,-0.431414198736,-0.361414198736,0.421014432082,0.531014432082,1,0,0,0,0,200,200,200,10.387875613,0.03,0.05,0.2,inf,0.051939378065,10.393272835,0.127791763418,0.0743042613821,0.265233770875,0,0.180867141482,45,1024,3072,../random_pose_benchmark/results/trajectories/bicmppi/scenario_09_executed_x.csv
bicmppi,BiC-MPPI,10,260810,0,11,home_mid,right_low,-0.367578548534,-0.297578548534,-0.429772037687,-0.359772037687,0.248811248421,0.358811248421,1,0,0,0,0,200,200,200,10.356532658,0.03,0.05,0.2,inf,0.05178266329,10.361435707,0.676534609991,0.347479664898,0.0987286126665,0,0.679291857216,45,1024,3072,../random_pose_benchmark/results/trajectories/bicmppi/scenario_10_executed_x.csv
bicmppi,BiC-MPPI,11,260811,0,12,home_mid,over_left,-0.560435503109,-0.490435503109,-0.128392397358,-0.0583923973581,0.43204939307,0.54204939307,1,1,0,0,0,200,200,200,9.082793339,0.03,0.05,0.2,inf,0.045413966695,9.087913324,0.284048242222,0.100573535296,0.394486357266,34,0.19322679515,45,1024,3072,../random_pose_benchmark/results/trajectories/bicmppi/scenario_11_executed_x.csv
bicmppi,BiC-MPPI,12,260812,0,13,home_mid,over_right,-0.515496034311,-0.445496034311,-0.284332438002,-0.214332438002,0.441682326336,0.551682326336,1,1,0,0,0,200,200,200,10.104921506,0.03,0.05,0.2,inf,0.05052460753,10.110171388,0.216591851554,0.126886584353,0.164394305777,3,0.263583380803,45,1024,3072,../random_pose_benchmark/results/trajectories/bicmppi/scenario_12_executed_x.csv
bicmppi,BiC-MPPI,13,260813,0,14,home_mid,front_left_mid,-0.631138398044,-0.561138398044,-0.0869628006645,-0.0169628006645,0.283995765666,0.393995765666,1,0,0,0,0,200,200,200,10.304474971,0.03,0.05,0.2,inf,0.051522374855,10.309440956,0.116827309407,0.0469281999915,0.112778290905,0,0.129703035653,45,1024,3072,../random_pose_benchmark/results/trajectories/bicmppi/scenario_13_executed_x.csv
bicmppi,BiC-MPPI,14,260814,0,15,home_mid,front_right_mid,-0.561406917424,-0.491406917424,-0.349654625762,-0.279654625762,0.286022763486,0.396022763486,1,0,1,0,0,200,200,200,7.313164924,0.03,0.05,0.2,inf,0.03656582462,7.318074289,0.463803114949,0.26949071454,0.151100730045,0,0.46536217092,45,1024,3072,../random_pose_benchmark/results/trajectories/bicmppi/scenario_14_executed_x.csv
bicmppi,BiC-MPPI,15,260815,1,0,detour_high,home_mid,-0.31367746956,-0.24367746956,-0.353560096526,-0.283560096526,0.579545983652,0.689545983652,1,0,0,1,1,91,90,200,4.784651888,0.03,0.05,0.2,inf,0.0525785921758,4.787070245,0.0258742940925,0.0179707894768,0.17576223718,0,0.0347351352268,45,1024,3072,../random_pose_benchmark/results/trajectories/bicmppi/scenario_15_executed_x.csv
bicmppi,BiC-MPPI,16,260816,1,2,detour_high,goal_right,0.0240783688338,0.0940783688338,-0.609341033288,-0.539341033288,0.513330519593,0.623330519593,1,0,0,0,0,200,200,200,10.43043443,0.03,0.05,0.2,inf,0.05215217215,10.435544275,0.126817025419,0.0282083954991,0.168746064462,0,0.155612942298,45,1024,3072,../random_pose_benchmark/results/trajectories/bicmppi/scenario_16_executed_x.csv
bicmppi,BiC-MPPI,17,260817,1,3,detour_high,pre_pick,-0.307429513495,-0.237429513495,-0.148320768896,-0.0783207688957,0.594677182042,0.704677182042,1,0,0,1,1,90,89,200,4.863147686,0.03,0.05,0.2,inf,0.0540349742889,4.865584332,0.0266649887362,0.0150516135439,0.183432310398,0,0.0253097308899,45,1024,3072,../random_pose_benchmark/results/trajectories/bicmppi/scenario_17_executed_x.csv
bicmppi,BiC-MPPI,18,260818,1,4,detour_high,pick_low,-0.294609975092,-0.224609975092,-0.170374992071,-0.100374992071,0.446577435087,0.556577435087,1,0,0,1,1,102,101,200,5.429455487,0.03,0.05,0.2,inf,0.0532299557549,5.431945062,0.0260708761833,0.0102797805534,0.187899421604,0,0.054240404786,45,1024,3072,../random_pose_benchmark/results/trajectories/bicmppi/scenario_18_executed_x.csv
bicmppi,BiC-MPPI,19,260819,1,5,detour_high,transfer_high,-0.26321235608,-0.19321235608,-0.356023810651,-0.286023810651,0.661700035512,0.771700035512,1,0,0,1,0,114,113,200,4.663835282,0.03,0.05,0.2,inf,0.040910835807,4.666759199,0.0279335995517,0.00789962830021,0.135744561927,30,0.0528894015665,45,1024,3072,../random_pose_benchmark/results/trajectories/bicmppi/scenario_19_executed_x.csv
bicmppi,BiC-MPPI,20,260820,1,6,detour_high,pre_place,-0.138247368739,-0.068247368739,-0.536768073167,-0.466768073167,0.603044848402,0.713044848402,1,0,0,0,0,200,200,200,9.260782,0.03,0.05,0.2,inf,0.04630391,9.266258277,0.216142068621,0.0670964684206,0.345634709343,28,0.132138274278,45,1024,3072,../random_pose_benchmark/results/trajectories/bicmppi/scenario_20_executed_x.csv
bicmppi,BiC-MPPI,21,260821,1,7,detour_high,place_low,-0.112940334328,-0.0429403343278,-0.522192814766,-0.452192814766,0.436511101815,0.546511101815,1,0,0,1,1,70,69,200,3.664012498,0.03,0.05,0.2,inf,0.0523430356857,3.665912559,0.029238746923,0.0163773578533,0.137255449866,0,0.0322950976947,45,1024,3072,../random_pose_benchmark/results/trajectories/bicmppi/scenario_21_executed_x.csv
bicmppi,BiC-MPPI,22,260822,1,8,detour_high,left_high,-0.262210937607,-0.192210937607,-0.0850731039874,-0.0150731039874,0.634924387632,0.744924387632,1,0,0,1,1,94,93,200,4.994859227,0.03,0.05,0.2,inf,0.0531368002872,4.997245013,0.028769099058,0.0157868927671,0.154421710699,0,0.0395839793387,45,1024,3072,../random_pose_benchmark/results/trajectories/bicmppi/scenario_22_executed_x.csv
bicmppi,BiC-MPPI,23,260823,1,9,detour_high,left_low,-0.268982509436,-0.198982509436,-0.0996160273754,-0.0296160273754,0.47691273339,0.58691273339,1,0,0,1,1,105,104,200,5.47355806,0.03,0.05,0.2,inf,0.052129124381,5.476151036,0.0299400147438,0.0168934486074,0.19206343864,0,0.0401620479559,45,1024,3072,../random_pose_benchmark/results/trajectories/bicmppi/scenario_23_executed_x.csv
bicmppi,BiC-MPPI,24,260824,1,10,detour_high,right_high,-0.0844553724223,-0.0144553724223,-0.551403110266,-0.481403110266,0.647751377934,0.757751377934,1,0,1,0,0,200,200,200,5.613055309,0.03,0.05,0.2,inf,0.028065276545,5.618280709,0.265952435833,0.119397375928,0.185428859627,44,0.263360101103,45,1024,3072,../random_pose_benchmark/results/trajectories/bicmppi/scenario_24_executed_x.csv
bicmppi,BiC-MPPI,25,260825,1,11,detour_high,right_low,-0.0675241181052,0.00247588189483,-0.549760949217,-0.479760949217,0.475548194274,0.585548194274,1,0,0,1,1,71,70,200,3.6961331,0.03,0.05,0.2,inf,0.0520582126761,3.697938355,0.0282514165501,0.015488835322,0.126217415888,0,0.0402917866392,45,1024,3072,../random_pose_benchmark/results/trajectories/bicmppi/scenario_25_executed_x.csv
bicmppi,BiC-MPPI,26,260826,1,12,detour_high,over_left,-0.26038107268,-0.19038107268,-0.248381308888,-0.178381308888,0.658786338923,0.768786338923,1,0,0,1,0,127,126,200,5.171195983,0.03,0.05,0.2,inf,0.0407180786063,5.17461896,0.0298897889244,0.00772306600687,0.192335319706,29,0.0241041069718,45,1024,3072,../random_pose_benchmark/results/trajectories/bicmppi/scenario_26_executed_x.csv
bicmppi,BiC-MPPI,27,260827,1,13,detour_high,over_right,-0.215441603883,-0.145441603883,-0.404321349532,-0.334321349532,0.668419272188,0.778419272188,1,0,0,0,0,200,200,200,9.045056627,0.03,0.05,0.2,inf,0.045225283135,9.050264717,0.105710333823,0.0302371001007,0.139478598877,29,0.0702843260181,45,1024,3072,../random_pose_benchmark/results/trajectories/bicmppi/scenario_27_executed_x.csv
bicmppi,BiC-MPPI,28,260828,1,14,detour_high,front_left_mid,-0.331083967615,-0.261083967615,-0.206951712194,-0.136951712194,0.510732711519,0.620732711519,1,0,0,1,1,89,88,200,4.801165305,0.03,0.05,0.2,inf,0.0539456775843,4.803392037,0.0291706127071,0.0181165098058,0.152179628511,0,0.0554055155807,45,1024,3072,../random_pose_benchmark/results/trajectories/bicmppi/scenario_28_executed_x.csv
bicmppi,BiC-MPPI,29,260829,1,15,detour_high,front_right_mid,-0.261352486996,-0.191352486996,-0.469643537292,-0.399643537292,0.512759709338,0.622759709338,1,0,0,1,1,80,79,200,4.20793324,0.03,0.05,0.2,inf,0.0525991655,4.209898126,0.0296826984302,0.0204886723428,0.15769210727,0,0.0297188831219,45,1024,3072,../random_pose_benchmark/results/trajectories/bicmppi/scenario_29_executed_x.csv
bicmppi,BiC-MPPI,30,260830,2,0,goal_right,home_mid,-0.275976061595,-0.205976061595,-0.489352121758,-0.419352121758,0.286593573741,0.396593573741,1,0,0,1,1,84,83,200,4.435756813,0.03,0.05,0.2,inf,0.0528066287262,4.437900592,0.0291897393629,0.0191219549574,0.129586025891,0,0.0234319998946,45,1024,3072,../random_pose_benchmark/results/trajectories/bicmppi/scenario_30_executed_x.csv
bicmppi,BiC-MPPI,31,260831,2,1,goal_right,detour_high,0.0240783688338,0.0940783688338,-0.609341033288,-0.539341033288,0.513330519593,0.623330519593,1,0,0,1,1,62,61,200,3.237220972,0.03,0.05,0.2,inf,0.0522132414839,3.238725426,0.0208878873734,0.0166675842141,0.186023861818,0,0.0254951888273,45,1024,3072,../random_pose_benchmark/results/trajectories/bicmppi/scenario_31_executed_x.csv
bicmppi,BiC-MPPI,32,260832,2,3,goal_right,pre_pick,-0.269728105529,-0.199728105529,-0.284112794128,-0.214112794128,0.30172477213,0.41172477213,1,0,0,1,1,92,91,200,4.878798482,0.03,0.05,0.2,inf,0.0530304182826,4.881253091,0.0297230437894,0.0174953740117,0.143753705798,0,0.027595915318,45,1024,3072,../random_pose_benchmark/results/trajectories/bicmppi/scenario_32_executed_x.csv
bicmppi,BiC-MPPI,33,260833,2,4,goal_right,pick_low,-0.256908567127,-0.186908567127,-0.306167017304,-0.236167017304,0.153625025175,0.263625025175,0,0,0,1,1,94,93,200,5.032816966,0.03,0.05,0.2,inf,0.0535406060213,5.035172977,0.0292348551564,0.016296176589,0.102925405981,0,0.0298412820554,45,1024,3072,../random_pose_benchmark/results/trajectories/bicmppi/scenario_33_executed_x.csv
bicmppi,BiC-MPPI,34,260834,2,5,goal_right,transfer_high,-0.225510948114,-0.155510948114,-0.491815835884,-0.421815835884,0.3687476256,0.4787476256,1,0,0,1,1,90,89,200,4.844975245,0.03,0.05,0.2,inf,0.0538330582778,4.847164322,0.029117670237,0.0169762864886,0.177981924214,0,0.0343785450054,45,1024,3072,../random_pose_benchmark/results/trajectories/bicmppi/scenario_34_executed_x.csv
bicmppi,BiC-MPPI,35,260835,2,6,goal_right,pre_place,-0.100545960774,-0.0305459607736,-0.6725600984,-0.6025600984,0.31009243849,0.42009243849,1,1,0,0,0,200,200,200,7.038282825,0.03,0.05,0.2,inf,0.035191414125,7.043653579,0.074870476141,0.0291782436237,0.223591417115,109,0.101368139526,45,1024,3072,../random_pose_benchmark/results/trajectories/bicmppi/scenario_35_executed_x.csv
bicmppi,BiC-MPPI,36,260836,2,7,goal_right,place_low,-0.0752389263624,-0.00523892636245,-0.657984839999,-0.587984839999,0.143558691903,0.253558691903,1,1,0,0,0,200,200,200,8.343682867,0.03,0.05,0.2,inf,0.041718414335,8.348953375,0.141568563324,0.0436325162225,0.204941052062,68,0.171810875943,45,1024,3072,../random_pose_benchmark/results/trajectories/bicmppi/scenario_36_executed_x.csv
bicmppi,BiC-MPPI,37,260837,2,8,goal_right,left_high,-0.224509529642,-0.154509529642,-0.22086512922,-0.15086512922,0.34197197772,0.45197197772,1,0,0,1,1,110,109,200,5.864848884,0.03,0.05,0.2,inf,0.0533168080364,5.867800316,0.0293584502101,0.0176793521862,0.117605030059,0,0.0196429942627,45,1024,3072,../random_pose_benchmark/results/trajectories/bicmppi/scenario_37_executed_x.csv
bicmppi,BiC-MPPI,38,260838,2,9,goal_right,left_low,-0.231281101471,-0.161281101471,-0.235408052608,-0.165408052608,0.183960323478,0.293960323478,0,0,0,1,1,101,100,200,5.359313531,0.03,0.05,0.2,inf,0.0530625102079,5.361869099,0.0283542954087,0.0152948366325,0.142808278346,0,0.0488257042982,45,1024,3072,../random_pose_benchmark/results/trajectories/bicmppi/scenario_38_executed_x.csv
bicmppi,BiC-MPPI,39,260839,2,10,goal_right,right_high,-0.0467539644569,0.0232460355431,-0.687195135498,-0.617195135498,0.354798968023,0.464798968023,1,1,0,0,0,200,200,200,7.799515626,0.03,0.05,0.2,inf,0.03899757813,7.804990395,0.161292775191,0.0769486224903,0.156178927954,85,0.134902132176,45,1024,3072,../random_pose_benchmark/results/trajectories/bicmppi/scenario_39_executed_x.csv
bicmppi,BiC-MPPI,40,260840,2,11,goal_right,right_low,-0.0298227101398,0.0401772898602,-0.68555297445,-0.61555297445,0.182595784362,0.292595784362,1,1,1,0,0,200,200,200,1.994523152,0.03,0.05,0.2,inf,0.00997261576,1.999947326,0.548403117575,0.159104499697,1.20918700321,174,0.182653112778,45,1024,3072,../random_pose_benchmark/results/trajectories/bicmppi/scenario_40_executed_x.csv
bicmppi,BiC-MPPI,41,260841,2,12,goal_right,over_left,-0.222679664715,-0.152679664715,-0.384173334121,-0.314173334121,0.365833929011,0.475833929011,1,0,0,1,1,100,99,200,5.349362647,0.03,0.05,0.2,inf,0.05349362647,5.351901028,0.0289590802911,0.015365054906,0.131928597679,0,0.0223732053868,45,1024,3072,../random_pose_benchmark/results/trajectories/bicmppi/scenario_41_executed_x.csv
bicmppi,BiC-MPPI,42,260842,2,13,goal_right,over_right,-0.177740195917,-0.107740195917,-0.540113374764,-0.470113374764,0.375466862277,0.485466862277,1,1,0,1,0,123,122,200,4.762690976,0.03,0.05,0.2,inf,0.0387210648455,4.765948783,0.0292583832546,0.00935251593946,0.158377183679,56,0.015661587203,45,1024,3072,../random_pose_benchmark/results/trajectories/bicmppi/scenario_42_executed_x.csv
bicmppi,BiC-MPPI,43,260843,2,14,goal_right,front_left_mid,-0.29338255965,-0.22338255965,-0.342743737427,-0.272743737427,0.217780301607,0.327780301607,0,0,0,1,1,91,90,200,4.851737932,0.03,0.05,0.2,inf,0.0533158014505,4.85400584,0.0279465585735,0.017751328841,0.110696045286,0,0.0450801551893,45,1024,3072,../random_pose_benchmark/results/trajectories/bicmppi/scenario_43_executed_x.csv
bicmppi,BiC-MPPI,44,260844,2,15,goal_right,front_right_mid,-0.22365107903,-0.15365107903,-0.605435562525,-0.535435562525,0.219807299427,0.329807299427,1,0,0,1,1,76,75,200,3.973186998,0.03,0.05,0.2,inf,0.0522787762895,3.975052805,0.0297099025925,0.0202509837471,0.14016819192,0,0.0172888693152,45,1024,3072,../random_pose_benchmark/results/trajectories/bicmppi/scenario_44_executed_x.csv
bicmppi,BiC-MPPI,45,260845,3,0,pre_pick,home_mid,-0.607483943923,-0.537483943923,-0.0283318573658,0.0416681426342,0.36794023619,0.47794023619,1,0,1,0,0,200,200,200,7.325617493,0.03,0.05,0.2,inf,0.036628087465,7.33081448,0.616396578434,0.384997089339,0.0962818710463,0,0.61944544335,45,1024,3072,../random_pose_benchmark/results/trajectories/bicmppi/scenario_45_executed_x.csv
bicmppi,BiC-MPPI,46,260846,3,1,pre_pick,detour_high,-0.307429513495,-0.237429513495,-0.148320768896,-0.0783207688957,0.594677182042,0.704677182042,1,0,0,1,1,97,96,200,5.252920953,0.03,0.05,0.2,inf,0.0541538242577,5.255341105,0.0293614003223,0.0234851548448,0.180518221682,0,0.01412744223,45,1024,3072,../random_pose_benchmark/results/trajectories/bicmppi/scenario_46_executed_x.csv
bicmppi,BiC-MPPI,47,260847,3,2,pre_pick,goal_right,-0.269728105529,-0.199728105529,-0.284112794128,-0.214112794128,0.30172477213,0.41172477213,1,0,0,1,1,98,97,200,5.257222648,0.03,0.05,0.2,inf,0.0536451290612,5.259664923,0.0295021567482,0.0187498190709,0.120287294659,0,0.0277282240035,45,1024,3072,../random_pose_benchmark/results/trajectories/bicmppi/scenario_47_executed_x.csv
bicmppi,BiC-MPPI,48,260848,3,4,pre_pick,pick_low,-0.588416449455,-0.518416449455,0.154853247089,0.224853247089,0.234971687624,0.344971687624,1,0,1,0,0,200,200,200,7.360701405,0.03,0.05,0.2,inf,0.036803507025,7.365641482,0.229028948742,0.119919480242,0.185428966814,0,0.241153487006,45,1024,3072,../random_pose_benchmark/results/trajectories/bicmppi/scenario_48_executed_x.csv
bicmppi,BiC-MPPI,49,260849,3,5,pre_pick,transfer_high,-0.557018830443,-0.487018830443,-0.0307955714909,0.0392044285091,0.450094288049,0.560094288049,1,0,0,0,0,200,200,200,10.665645196,0.03,0.05,0.2,inf,0.05332822598,10.670746903,0.727803587971,0.410941645534,0.22978656597,0,0.725319656517,45,1024,3072,../random_pose_benchmark/results/trajectories/bicmppi/scenario_49_executed_x.csv
bicmppi,BiC-MPPI,50,260850,3,6,pre_pick,pre_place,-0.432053843102,-0.362053843102,-0.211539834007,-0.141539834007,0.391439100939,0.501439100939,1,0,0,1,1,83,82,200,4.457549167,0.03,0.05,0.2,inf,0.0537054116506,4.459646002,0.0291078225107,0.0209604777627,0.123561080542,0,0.0511474471793,45,1024,3072,../random_pose_benchmark/results/trajectories/bicmppi/scenario_50_executed_x.csv
bicmppi,BiC-MPPI,51,260851,3,7,pre_pick,place_low,-0.406746808691,-0.336746808691,-0.196964575606,-0.126964575606,0.224905354352,0.334905354352,1,0,0,0,0,200,200,200,10.410689277,0.03,0.05,0.2,inf,0.052053446385,10.415668455,0.06554464769,0.0247405298017,0.0556773490257,0,0.0566361362612,45,1024,3072,../random_pose_benchmark/results/trajectories/bicmppi/scenario_51_executed_x.csv
bicmppi,BiC-MPPI,52,260852,3,8,pre_pick,left_high,-0.55601741197,-0.48601741197,0.240155135173,0.310155135173,0.423318640169,0.533318640169,1,1,1,0,0,200,200,200,4.648646737,0.03,0.05,0.2,inf,0.023243233685,4.653838617,0.27584430206,0.123523322523,0.199797971924,86,0.298023930418,45,1024,3072,../random_pose_benchmark/results/trajectories/bicmppi/scenario_52_executed_x.csv
bicmppi,BiC-MPPI,53,260853,3,9,pre_pick,left_low,-0.562788983799,-0.492788983799,0.225612211785,0.295612211785,0.265306985927,0.375306985927,1,1,1,0,0,200,200,200,5.602154856,0.03,0.05,0.2,inf,0.02801077428,5.607162705,0.275624254422,0.0976188474668,0.149513819091,56,0.296979828845,45,1024,3072,../random_pose_benchmark/results/trajectories/bicmppi/scenario_53_executed_x.csv
bicmppi,BiC-MPPI,54,260854,3,10,pre_pick,right_high,-0.378261846785,-0.308261846785,-0.226174871106,-0.156174871106,0.436145630471,0.546145630471,1,0,0,1,1,86,85,200,4.580630641,0.03,0.05,0.2,inf,0.0532631469884,4.582838666,0.0295630266793,0.0203053299592,0.118761831792,0,0.0179678771904,45,1024,3072,../random_pose_benchmark/results/trajectories/bicmppi/scenario_54_executed_x.csv
bicmppi,BiC-MPPI,55,260855,3,11,pre_pick,right_low,-0.361330592468,-0.291330592468,-0.224532710057,-0.154532710057,0.263942446811,0.373942446811,1,0,0,1,1,89,88,200,4.722362422,0.03,0.05,0.2,inf,0.0530602519326,4.724523762,0.029136746444,0.0184862018421,0.116203435849,0,0.0146639347033,45,1024,3072,../random_pose_benchmark/results/trajectories/bicmppi/scenario_55_executed_x.csv
bicmppi,BiC-MPPI,56,260856,3,12,pre_pick,over_left,-0.554187547043,-0.484187547043,0.0768469302719,0.146846930272,0.44718059146,0.55718059146,1,0,0,0,0,200,200,200,10.303231634,0.03,0.05,0.2,inf,0.05151615817,10.308220376,0.161668321078,0.109706170972,0.332344575004,0,0.19969411419,45,1024,3072,../random_pose_benchmark/results/trajectories/bicmppi/scenario_56_executed_x.csv
bicmppi,BiC-MPPI,57,260857,3,13,pre_pick,over_right,-0.509248078246,-0.439248078246,-0.0790931103717,-0.00909311037175,0.456813524725,0.566813524725,1,0,0,0,0,200,200,200,10.73480046,0.03,0.05,0.2,inf,0.0536740023,10.740174413,0.902458752351,0.503860211347,0.287452711979,0,0.871514079469,45,1024,3072,../random_pose_benchmark/results/trajectories/bicmppi/scenario_57_executed_x.csv
bicmppi,BiC-MPPI,58,260858,3,14,pre_pick,front_left_mid,-0.624890441978,-0.554890441978,0.118276526966,0.188276526966,0.299126964056,0.409126964056,1,1,1,0,0,200,200,200,4.031666925,0.03,0.05,0.2,inf,0.020158334625,4.036969224,0.342496810295,0.211634172559,0.248265105853,109,0.350968131275,45,1024,3072,../random_pose_benchmark/results/trajectories/bicmppi/scenario_58_executed_x.csv
bicmppi,BiC-MPPI,59,260859,3,15,pre_pick,front_right_mid,-0.555158961359,-0.485158961359,-0.144415298132,-0.0744152981319,0.301153961875,0.411153961875,1,0,0,0,0,200,200,200,10.321964967,0.03,0.05,0.2,inf,0.051609824835,10.327097334,0.671895409432,0.399268231534,0.128407033401,0,0.689251104392,45,1024,3072,../random_pose_benchmark/results/trajectories/bicmppi/scenario_59_executed_x.csv
bicmppi,BiC-MPPI,60,260860,4,0,pick_low,home_mid,-0.594664405521,-0.524664405521,-0.050386080541,0.019613919459,0.219840489234,0.329840489234,1,0,0,0,0,200,200,200,10.342479276,0.03,0.05,0.2,inf,0.05171239638,10.347330053,0.10042496605,0.0678217021699,0.21937552313,0,0.193747590858,45,1024,3072,../random_pose_benchmark/results/trajectories/bicmppi/scenario_60_executed_x.csv
bicmppi,BiC-MPPI,61,260861,4,1,pick_low,detour_high,-0.294609975092,-0.224609975092,-0.170374992071,-0.100374992071,0.446577435087,0.556577435087,1,0,0,1,1,92,91,200,4.901538226,0.03,0.05,0.2,inf,0.053277589413,4.903788723,0.0292851047173,0.0155037782257,0.102814872637,0,0.0246004743584,45,1024,3072,../random_pose_benchmark/results/trajectories/bicmppi/scenario_61_executed_x.csv
bicmppi,BiC-MPPI,62,260862,4,2,pick_low,goal_right,-0.256908567127,-0.186908567127,-0.306167017304,-0.236167017304,0.153625025175,0.263625025175,0,0,0,1,1,91,90,200,4.832879142,0.03,0.05,0.2,inf,0.053108562,4.835191908,0.0294257941867,0.0171723009814,0.141235245232,0,0.0350463744656,45,1024,3072,../random_pose_benchmark/results/trajectories/bicmppi/scenario_62_executed_x.csv
bicmppi,BiC-MPPI,63,260863,4,3,pick_low,pre_pick,-0.588416449455,-0.518416449455,0.154853247089,0.224853247089,0.234971687624,0.344971687624,1,1,0,0,0,200,200,200,9.174461351,0.03,0.05,0.2,inf,0.045872306755,9.179402072,0.161306754743,0.094916494882,0.147053407909,35,0.208873363916,45,1024,3072,../random_pose_benchmark/results/trajectories/bicmppi/scenario_63_executed_x.csv
bicmppi,BiC-MPPI,64,260864,4,5,pick_low,transfer_high,-0.54419929204,-0.47419929204,-0.0528497946662,0.0171502053338,0.301994541093,0.411994541093,1,0,0,1,1,75,74,200,3.923149935,0.03,0.05,0.2,inf,0.0523086658,3.925020226,0.027563686656,0.0144672664286,0.185631238848,0,0.0319697144142,45,1024,3072,../random_pose_benchmark/results/trajectories/bicmppi/scenario_64_executed_x.csv
bicmppi,BiC-MPPI,65,260865,4,6,pick_low,pre_place,-0.4192343047,-0.3492343047,-0.233594057182,-0.163594057182,0.243339353983,0.353339353983,0,0,0,1,1,80,79,200,4.230831604,0.03,0.05,0.2,inf,0.05288539505,4.232806757,0.0288830439702,0.0165171468224,0.107508773503,0,0.0349509287779,45,1024,3072,../random_pose_benchmark/results/trajectories/bicmppi/scenario_65_executed_x.csv
bicmppi,BiC-MPPI,66,260866,4,7,pick_low,place_low,-0.393927270288,-0.323927270288,-0.219018798781,-0.149018798781,0.0768056073965,0.186805607396,0,0,0,1,1,78,77,200,4.146709888,0.03,0.05,0.2,inf,0.0531629472821,4.148767733,0.0291044934964,0.0179121530178,0.140598910603,0,0.0447939469018,45,1024,3072,../random_pose_benchmark/results/trajectories/bicmppi/scenario_66_executed_x.csv
bicmppi,BiC-MPPI,67,260867,4,8,pick_low,left_high,-0.543197873567,-0.473197873567,0.218100911997,0.288100911997,0.275218893213,0.385218893213,1,1,0,0,0,200,200,200,7.804800656,0.03,0.05,0.2,inf,0.03902400328,7.810105512,0.0868777000104,0.0514158368663,0.212322383153,50,0.122145538068,45,1024,3072,../random_pose_benchmark/results/trajectories/bicmppi/scenario_67_executed_x.csv
bicmppi,BiC-MPPI,68,260868,4,9,pick_low,left_low,-0.549969445397,-0.479969445397,0.203557988609,0.273557988609,0.117207238971,0.227207238971,1,1,1,0,0,200,200,200,1.703873416,0.03,0.05,0.2,inf,0.00851936708,1.709276426,0.74404585527,0.210050811936,1.1470397308,181,0.2502579032,45,1024,3072,../random_pose_benchmark/results/trajectories/bicmppi/scenario_68_executed_x.csv
bicmppi,BiC-MPPI,69,260869,4,10,pick_low,right_high,-0.365442308383,-0.295442308383,-0.248229094281,-0.178229094281,0.288045883516,0.398045883516,0,0,0,1,1,105,104,200,5.560526907,0.03,0.05,0.2,inf,0.0529573991143,5.563135647,0.029715756852,0.0104455027404,0.0902456091632,0,0.0115594535789,45,1024,3072,../random_pose_benchmark/results/trajectories/bicmppi/scenario_69_executed_x.csv
bicmppi,BiC-MPPI,70,260870,4,11,pick_low,right_low,-0.348511054066,-0.278511054066,-0.246586933232,-0.176586933232,0.115842699856,0.225842699856,0,0,0,1,1,82,81,200,4.383001624,0.03,0.05,0.2,inf,0.0534512393171,4.384991804,0.0280930613399,0.0166668326458,0.187133448669,0,0.0577881909401,45,1024,3072,../random_pose_benchmark/results/trajectories/bicmppi/scenario_70_executed_x.csv
bicmppi,BiC-MPPI,71,260871,4,12,pick_low,over_left,-0.541368008641,-0.471368008641,0.0547927070967,0.124792707097,0.299080844504,0.409080844504,1,0,0,0,0,200,200,200,10.298347557,0.03,0.05,0.2,inf,0.051491737785,10.303296211,0.0574720421968,0.0379088307268,0.0577402043506,0,0.0497299890262,45,1024,3072,../random_pose_benchmark/results/trajectories/bicmppi/scenario_71_executed_x.csv
bicmppi,BiC-MPPI,72,260872,4,13,pick_low,over_right,-0.496428539843,-0.426428539843,-0.101147333547,-0.031147333547,0.30871377777,0.41871377777,1,0,0,1,1,76,75,200,4.039844005,0.03,0.05,0.2,inf,0.0531558421711,4.041726659,0.0257353039002,0.0120926377479,0.197492036621,0,0.0146677403191,45,1024,3072,../random_pose_benchmark/results/trajectories/bicmppi/scenario_72_executed_x.csv
bicmppi,BiC-MPPI,73,260873,4,14,pick_low,front_left_mid,-0.612070903576,-0.542070903576,0.0962223037903,0.16622230379,0.151027217101,0.261027217101,1,1,1,0,0,200,200,200,5.99646414,0.03,0.05,0.2,inf,0.0299823207,6.001440273,0.253526057167,0.156487035003,0.14088688509,41,0.264310877719,45,1024,3072,../random_pose_benchmark/results/trajectories/bicmppi/scenario_73_executed_x.csv
bicmppi,BiC-MPPI,74,260874,4,15,pick_low,front_right_mid,-0.542339422956,-0.472339422956,-0.166469521307,-0.0964695213072,0.15305421492,0.26305421492,1,0,0,0,0,200,200,200,10.352325478,0.03,0.05,0.2,inf,0.05176162739,10.357273306,0.0661019771115,0.0440296283489,0.0682958235344,0,0.0664846366417,45,1024,3072,../random_pose_benchmark/results/trajectories/bicmppi/scenario_74_executed_x.csv
bicmppi,BiC-MPPI,75,260875,5,0,transfer_high,home_mid,-0.563266786509,-0.493266786509,-0.236034899121,-0.166034899121,0.434963089659,0.544963089659,1,1,1,0,0,200,200,200,5.049822838,0.03,0.05,0.2,inf,0.02524911419,5.055202146,0.338909863058,0.155332777014,0.105756466142,75,0.343640672677,45,1024,3072,../random_pose_benchmark/results/trajectories/bicmppi/scenario_75_executed_x.csv
bicmppi,BiC-MPPI,76,260876,5,1,transfer_high,detour_high,-0.26321235608,-0.19321235608,-0.356023810651,-0.286023810651,0.661700035512,0.771700035512,1,0,0,0,0,200,200,200,10.469117787,0.03,0.05,0.2,inf,0.052345588935,10.474200117,0.134321107622,0.10405000169,0.233705497624,0,0.166286875634,45,1024,3072,../random_pose_benchmark/results/trajectories/bicmppi/scenario_76_executed_x.csv
bicmppi,BiC-MPPI,77,260877,5,2,transfer_high,goal_right,-0.225510948114,-0.155510948114,-0.491815835884,-0.421815835884,0.3687476256,0.4787476256,1,0,0,0,0,200,200,200,10.357253593,0.03,0.05,0.2,inf,0.051786267965,10.362228232,0.689741695885,0.460065553028,0.124573471771,0,0.696259437391,45,1024,3072,../random_pose_benchmark/results/trajectories/bicmppi/scenario_77_executed_x.csv
bicmppi,BiC-MPPI,78,260878,5,3,transfer_high,pre_pick,-0.557018830443,-0.487018830443,-0.0307955714909,0.0392044285091,0.450094288049,0.560094288049,1,0,0,1,1,87,86,200,4.599699293,0.03,0.05,0.2,inf,0.0528701068161,4.60185338,0.0297991962212,0.0185495586401,0.114553612498,0,0.0270975840763,45,1024,3072,../random_pose_benchmark/results/trajectories/bicmppi/scenario_78_executed_x.csv
bicmppi,BiC-MPPI,79,260879,5,4,transfer_high,pick_low,-0.54419929204,-0.47419929204,-0.0528497946662,0.0171502053338,0.301994541093,0.411994541093,1,0,0,1,1,81,80,200,4.224799517,0.03,0.05,0.2,inf,0.0521580187284,4.22675365,0.0288762074901,0.0152507644613,0.155732970749,0,0.0127253915304,45,1024,3072,../random_pose_benchmark/results/trajectories/bicmppi/scenario_79_executed_x.csv
bicmppi,BiC-MPPI,80,260880,5,6,transfer_high,pre_place,-0.387836685687,-0.317836685687,-0.419242875762,-0.349242875762,0.458461954408,0.568461954408,1,0,1,0,0,200,200,200,7.35646937,0.03,0.05,0.2,inf,0.03678234685,7.361353425,0.305381651462,0.2185986071,0.0786579728268,0,0.315065980885,45,1024,3072,../random_pose_benchmark/results/trajectories/bicmppi/scenario_80_executed_x.csv
bicmppi,BiC-MPPI,81,260881,5,7,transfer_high,place_low,-0.362529651276,-0.292529651276,-0.404667617361,-0.334667617361,0.291928207822,0.401928207822,1,0,1,0,0,200,200,200,7.252664624,0.03,0.05,0.2,inf,0.03626332312,7.258070741,0.4557729444,0.227346401564,0.191090202439,0,0.465317513704,45,1024,3072,../random_pose_benchmark/results/trajectories/bicmppi/scenario_81_executed_x.csv
bicmppi,BiC-MPPI,82,260882,5,8,transfer_high,left_high,-0.511800254555,-0.441800254555,0.0324520934174,0.102452093417,0.490341493638,0.600341493638,1,0,0,1,1,83,82,200,4.407644795,0.03,0.05,0.2,inf,0.0531041541566,4.409913537,0.0298765511528,0.0226860700253,0.118173263911,0,0.0260948479768,45,1024,3072,../random_pose_benchmark/results/trajectories/bicmppi/scenario_82_executed_x.csv
bicmppi,BiC-MPPI,83,260883,5,9,transfer_high,left_low,-0.518571826384,-0.448571826384,0.0179091700293,0.0879091700293,0.332329839396,0.442329839396,1,0,0,1,1,82,81,200,4.362594851,0.03,0.05,0.2,inf,0.0532023762317,4.364577896,0.0284370936396,0.0151889857621,0.178797587534,0,0.0127763806642,45,1024,3072,../random_pose_benchmark/results/trajectories/bicmppi/scenario_83_executed_x.csv
bicmppi,BiC-MPPI,84,260884,5,10,transfer_high,right_high,-0.334044689371,-0.264044689371,-0.433877912861,-0.363877912861,0.503168483941,0.613168483941,1,0,1,0,0,200,200,200,7.317328307,0.03,0.05,0.2,inf,0.036586641535,7.322282559,0.315817919088,0.162728031104,0.113675914895,0,0.227773239528,45,1024,3072,../random_pose_benchmark/results/trajectories/bicmppi/scenario_84_executed_x.csv
bicmppi,BiC-MPPI,85,260885,5,11,transfer_high,right_low,-0.317113435053,-0.247113435053,-0.432235751812,-0.362235751812,0.330965300281,0.440965300281,1,0,1,0,0,200,200,200,7.322777184,0.03,0.05,0.2,inf,0.03661388592,7.32821906,0.571589771869,0.301584054735,0.229110980885,0,0.578637093865,45,1024,3072,../random_pose_benchmark/results/trajectories/bicmppi/scenario_85_executed_x.csv
bicmppi,BiC-MPPI,86,260886,5,12,transfer_high,over_left,-0.509970389629,-0.439970389629,-0.130856111483,-0.0608561114833,0.514203444929,0.624203444929,1,1,0,0,0,200,200,200,8.827189457,0.03,0.05,0.2,inf,0.044135947285,8.832532316,0.306115910842,0.093170498633,0.136917560343,50,0.316118740139,45,1024,3072,../random_pose_benchmark/results/trajectories/bicmppi/scenario_86_executed_x.csv
bicmppi,BiC-MPPI,87,260887,5,13,transfer_high,over_right,-0.465030920831,-0.395030920831,-0.286796152127,-0.216796152127,0.523836378195,0.633836378195,1,1,1,0,0,200,200,200,6.10029166,0.03,0.05,0.2,inf,0.0305014583,6.105651171,0.49896267018,0.262696868881,0.250245059601,38,0.51036734468,45,1024,3072,../random_pose_benchmark/results/trajectories/bicmppi/scenario_87_executed_x.csv
bicmppi,BiC-MPPI,88,260888,5,14,transfer_high,front_left_mid,-0.580673284563,-0.510673284563,-0.0894265147896,-0.0194265147896,0.366149817526,0.476149817526,1,0,0,0,0,200,200,200,10.478155307,0.03,0.05,0.2,inf,0.052390776535,10.483276291,0.103366410778,0.0251216503303,0.187957506591,0,0.136878596127,45,1024,3072,../random_pose_benchmark/results/trajectories/bicmppi/scenario_88_executed_x.csv
bicmppi,BiC-MPPI,89,260889,5,15,transfer_high,front_right_mid,-0.510941803944,-0.440941803944,-0.352118339887,-0.282118339887,0.368176815345,0.478176815345,1,0,1,0,0,200,200,200,7.369634392,0.03,0.05,0.2,inf,0.03684817196,7.374542902,0.473465714809,0.331329470375,0.28706174707,0,0.479871557394,45,1024,3072,../random_pose_benchmark/results/trajectories/bicmppi/scenario_89_executed_x.csv
bicmppi,BiC-MPPI,90,260890,6,0,pre_place,home_mid,-0.438301799168,-0.368301799168,-0.416779161637,-0.346779161637,0.376307902549,0.486307902549,1,0,0,1,1,79,78,200,4.223977588,0.03,0.05,0.2,inf,0.0534680707342,4.2259188,0.0296008597526,0.0215564069241,0.108661735097,0,0.0196860818092,45,1024,3072,../random_pose_benchmark/results/trajectories/bicmppi/scenario_90_executed_x.csv
bicmppi,BiC-MPPI,91,260891,6,1,pre_place,detour_high,-0.138247368739,-0.068247368739,-0.536768073167,-0.466768073167,0.603044848402,0.713044848402,1,0,0,0,0,200,200,200,10.318996229,0.03,0.05,0.2,inf,0.051594981145,10.324184205,0.109525850581,0.0972349274721,0.103302630636,0,0.0900769881698,45,1024,3072,../random_pose_benchmark/results/trajectories/bicmppi/scenario_91_executed_x.csv
bicmppi,BiC-MPPI,92,260892,6,2,pre_place,goal_right,-0.100545960774,-0.0305459607736,-0.6725600984,-0.6025600984,0.31009243849,0.42009243849,1,0,1,0,0,200,200,200,7.270926543,0.03,0.05,0.2,inf,0.036354632715,7.276008328,0.371216831653,0.266493264529,0.162191338147,0,0.37435636707,45,1024,3072,../random_pose_benchmark/results/trajectories/bicmppi/scenario_92_executed_x.csv
bicmppi,BiC-MPPI,93,260893,6,3,pre_place,pre_pick,-0.432053843102,-0.362053843102,-0.211539834007,-0.141539834007,0.391439100939,0.501439100939,1,0,0,1,1,84,83,200,4.510805958,0.03,0.05,0.2,inf,0.0537000709286,4.512888809,0.0286643602735,0.0205521144466,0.117540473834,0,0.0386546259326,45,1024,3072,../random_pose_benchmark/results/trajectories/bicmppi/scenario_93_executed_x.csv
bicmppi,BiC-MPPI,94,260894,6,4,pre_place,pick_low,-0.4192343047,-0.3492343047,-0.233594057182,-0.163594057182,0.243339353983,0.353339353983,0,0,0,1,1,81,80,200,4.367916388,0.03,0.05,0.2,inf,0.053924893679,4.369936374,0.0298640316545,0.0162111999793,0.156369579023,0,0.0253685993557,45,1024,3072,../random_pose_benchmark/results/trajectories/bicmppi/scenario_94_executed_x.csv
bicmppi,BiC-MPPI,95,260895,6,5,pre_place,transfer_high,-0.387836685687,-0.317836685687,-0.419242875762,-0.349242875762,0.458461954408,0.568461954408,1,1,0,1,0,126,125,200,4.686498365,0.03,0.05,0.2,inf,0.0371944314683,4.68983212,0.0274947833052,0.0131381062191,0.164403312155,62,0.0290990780169,45,1024,3072,../random_pose_benchmark/results/trajectories/bicmppi/scenario_95_executed_x.csv
bicmppi,BiC-MPPI,96,260896,6,7,pre_place,place_low,-0.237564663935,-0.167564663935,-0.585411879877,-0.515411879877,0.233273020712,0.343273020712,1,0,1,0,0,200,200,200,7.299774843,0.03,0.05,0.2,inf,0.036498874215,7.304720741,0.202336934937,0.111601404227,0.274170529217,0,0.215946838142,45,1024,3072,../random_pose_benchmark/results/trajectories/bicmppi/scenario_96_executed_x.csv
bicmppi,BiC-MPPI,97,260897,6,8,pre_place,left_high,-0.386835267214,-0.316835267214,-0.148292169099,-0.0782921690987,0.431686306528,0.541686306528,1,0,0,1,1,89,88,200,4.699926797,0.03,0.05,0.2,inf,0.0528081662584,4.70216464,0.0298666755477,0.0211160372926,0.10605397538,0,0.026480592084,45,1024,3072,../random_pose_benchmark/results/trajectories/bicmppi/scenario_97_executed_x.csv
bicmppi,BiC-MPPI,98,260898,6,9,pre_place,left_low,-0.393606839043,-0.323606839043,-0.162835092487,-0.0928350924867,0.273674652286,0.383674652286,0,0,0,1,1,85,84,200,4.626995828,0.03,0.05,0.2,inf,0.0544352450353,4.629045686,0.0266978107814,0.0138010408671,0.166618708654,0,0.0538192035429,45,1024,3072,../random_pose_benchmark/results/trajectories/bicmppi/scenario_98_executed_x.csv
bicmppi,BiC-MPPI,99,260899,6,10,pre_place,right_high,-0.20907970203,-0.13907970203,-0.614622175377,-0.544622175377,0.444513296831,0.554513296831,1,1,1,0,0,200,200,200,3.435152779,0.03,0.05,0.2,inf,0.017175763895,3.440538332,0.384701086287,0.251580116553,0.194446724036,126,0.397501391185,45,1024,3072,../random_pose_benchmark/results/trajectories/bicmppi/scenario_99_executed_x.csv
bicmppi,BiC-MPPI,100,260900,6,11,pre_place,right_low,-0.192148447713,-0.122148447713,-0.612980014328,-0.542980014328,0.272310113171,0.382310113171,1,0,1,0,0,200,200,200,7.281847359,0.03,0.05,0.2,inf,0.036409236795,7.286953515,0.309013289709,0.18014177526,0.274839626404,0,0.306754109373,45,1024,3072,../random_pose_benchmark/results/trajectories/bicmppi/scenario_100_executed_x.csv
bicmppi,BiC-MPPI,101,260901,6,12,pre_place,over_left,-0.385005402288,-0.315005402288,-0.311600373999,-0.241600373999,0.455548257819,0.565548257819,1,0,0,1,0,123,122,200,4.746119911,0.03,0.05,0.2,inf,0.0385863407398,4.749365262,0.0281387565168,0.0147765226003,0.19553162951,37,0.0447001618614,45,1024,3072,../random_pose_benchmark/results/trajectories/bicmppi/scenario_101_executed_x.csv
bicmppi,BiC-MPPI,102,260902,6,13,pre_place,over_right,-0.34006593349,-0.27006593349,-0.467540414643,-0.397540414643,0.465181191085,0.575181191085,1,1,0,0,0,200,200,200,8.99297321,0.03,0.05,0.2,inf,0.04496486605,8.998160975,0.219238285056,0.071560816921,0.469297666722,53,0.144813349218,45,1024,3072,../random_pose_benchmark/results/trajectories/bicmppi/scenario_102_executed_x.csv
bicmppi,BiC-MPPI,103,260903,6,14,pre_place,front_left_mid,-0.455708297222,-0.385708297222,-0.270170777306,-0.200170777306,0.307494630416,0.417494630416,1,0,0,1,1,77,76,200,4.076082302,0.03,0.05,0.2,inf,0.0529361337922,4.078019673,0.0285510264609,0.0187230736502,0.115970070684,0,0.0389726452323,45,1024,3072,../random_pose_benchmark/results/trajectories/bicmppi/scenario_103_executed_x.csv
bicmppi,BiC-MPPI,104,260904,6,15,pre_place,front_right_mid,-0.385976816603,-0.315976816603,-0.532862602403,-0.462862602403,0.309521628235,0.419521628235,1,0,0,0,0,200,200,200,10.46564232,0.03,0.05,0.2,inf,0.0523282116,10.470644374,0.184275044626,0.064396975192,0.122958342578,0,0.199261596846,45,1024,3072,../random_pose_benchmark/results/trajectories/bicmppi/scenario_104_executed_x.csv
bicmppi,BiC-MPPI,105,260905,7,0,place_low,home_mid,-0.412994764757,-0.342994764757,-0.402203903236,-0.332203903236,0.209774155962,0.319774155962,1,1,0,1,0,115,114,200,4.270800678,0.03,0.05,0.2,inf,0.0371373972,4.273853505,0.0238961021325,0.005188829758,0.182855408076,59,0.0327317133138,45,1024,3072,../random_pose_benchmark/results/trajectories/bicmppi/scenario_105_executed_x.csv
bicmppi,BiC-MPPI,106,260906,7,1,place_low,detour_high,-0.112940334328,-0.0429403343278,-0.522192814766,-0.452192814766,0.436511101815,0.546511101815,1,0,0,1,1,66,65,200,3.544444586,0.03,0.05,0.2,inf,0.0537037058485,3.546096825,0.0281074177941,0.0174923074204,0.159038698769,0,0.0148230032108,45,1024,3072,../random_pose_benchmark/results/trajectories/bicmppi/scenario_106_executed_x.csv
bicmppi,BiC-MPPI,107,260907,7,2,place_low,goal_right,-0.0752389263624,-0.00523892636245,-0.657984839999,-0.587984839999,0.143558691903,0.253558691903,1,0,1,0,0,200,200,200,7.350784115,0.03,0.05,0.2,inf,0.036753920575,7.355877412,0.28214082874,0.157962779165,0.109234612213,0,0.288890788274,45,1024,3072,../random_pose_benchmark/results/trajectories/bicmppi/scenario_107_executed_x.csv
bicmppi,BiC-MPPI,108,260908,7,3,place_low,pre_pick,-0.406746808691,-0.336746808691,-0.196964575606,-0.126964575606,0.224905354352,0.334905354352,1,0,0,1,1,78,77,200,4.114433109,0.03,0.05,0.2,inf,0.0527491424231,4.116320041,0.0271122929493,0.0167943307645,0.175156107746,0,0.0275820675125,45,1024,3072,../random_pose_benchmark/results/trajectories/bicmppi/scenario_108_executed_x.csv
bicmppi,BiC-MPPI,109,260909,7,4,place_low,pick_low,-0.393927270288,-0.323927270288,-0.219018798781,-0.149018798781,0.0768056073965,0.186805607396,0,0,0,1,1,79,78,200,4.18835007,0.03,0.05,0.2,inf,0.0530170894937,4.190306574,0.0291587107416,0.0155180731571,0.174542254061,0,0.0383806926049,45,1024,3072,../random_pose_benchmark/results/trajectories/bicmppi/scenario_109_executed_x.csv
bicmppi,BiC-MPPI,110,260910,7,5,place_low,transfer_high,-0.362529651276,-0.292529651276,-0.404667617361,-0.334667617361,0.291928207822,0.401928207822,1,1,0,1,0,127,126,200,4.501383802,0.03,0.05,0.2,inf,0.0354439669449,4.504750524,0.0102148291946,0.00341946882821,0.181684170391,69,0.0420130910689,45,1024,3072,../random_pose_benchmark/results/trajectories/bicmppi/scenario_110_executed_x.csv
bicmppi,BiC-MPPI,111,260911,7,6,place_low,pre_place,-0.237564663935,-0.167564663935,-0.585411879877,-0.515411879877,0.233273020712,0.343273020712,1,1,0,0,0,200,200,200,9.206507164,0.03,0.05,0.2,inf,0.04603253582,9.211629729,0.21549202931,0.115329170752,0.239135883849,36,0.243508142711,45,1024,3072,../random_pose_benchmark/results/trajectories/bicmppi/scenario_111_executed_x.csv
bicmppi,BiC-MPPI,112,260912,7,8,place_low,left_high,-0.361528232803,-0.291528232803,-0.133716910698,-0.0637169106976,0.265152559941,0.375152559941,1,0,0,1,1,87,86,200,4.648910271,0.03,0.05,0.2,inf,0.0534357502414,4.651065917,0.0286376677301,0.0166486201661,0.132464102102,0,0.0288086784678,45,1024,3072,../random_pose_benchmark/results/trajectories/bicmppi/scenario_112_executed_x.csv
bicmppi,BiC-MPPI,113,260913,7,9,place_low,left_low,-0.368299804632,-0.298299804632,-0.148259834086,-0.0782598340857,0.1071409057,0.2171409057,0,0,0,1,1,83,82,200,4.420586063,0.03,0.05,0.2,inf,0.0532600730482,4.422659208,0.0291480654495,0.0166426869473,0.145799166918,0,0.0437503237196,45,1024,3072,../random_pose_benchmark/results/trajectories/bicmppi/scenario_113_executed_x.csv
bicmppi,BiC-MPPI,114,260914,7,10,place_low,right_high,-0.183772667619,-0.113772667619,-0.600046916976,-0.530046916976,0.277979550244,0.387979550244,1,0,0,0,0,200,200,200,10.378144754,0.03,0.05,0.2,inf,0.05189072377,10.38324441,0.089303368755,0.0698032487885,0.174786770115,0,0.101383502916,45,1024,3072,../random_pose_benchmark/results/trajectories/bicmppi/scenario_114_executed_x.csv
bicmppi,BiC-MPPI,115,260915,7,11,place_low,right_low,-0.166841413301,-0.0968414133015,-0.598404755927,-0.528404755927,0.105776366584,0.215776366584,1,1,1,0,0,200,200,200,4.648109225,0.03,0.05,0.2,inf,0.023240546125,4.653465399,0.259498443285,0.164358626349,0.263959661365,86,0.311368460415,45,1024,3072,../random_pose_benchmark/results/trajectories/bicmppi/scenario_115_executed_x.csv
bicmppi,BiC-MPPI,116,260916,7,12,place_low,over_left,-0.359698367877,-0.289698367877,-0.297025115598,-0.227025115598,0.289014511233,0.399014511233,1,1,0,1,0,134,133,200,4.954776533,0.03,0.05,0.2,inf,0.0369759442761,4.958431081,0.0295841942575,0.0088018766517,0.195225982595,60,0.0205976752376,45,1024,3072,../random_pose_benchmark/results/trajectories/bicmppi/scenario_116_executed_x.csv
bicmppi,BiC-MPPI,117,260917,7,13,place_low,over_right,-0.314758899079,-0.244758899079,-0.452965156242,-0.382965156242,0.298647444498,0.408647444498,1,1,0,1,0,112,111,200,4.545095822,0.03,0.05,0.2,inf,0.0405812126964,4.548035765,0.028534475977,0.0112795377349,0.185831851076,44,0.01389044597,45,1024,3072,../random_pose_benchmark/results/trajectories/bicmppi/scenario_117_executed_x.csv
bicmppi,BiC-MPPI,118,260918,7,14,place_low,front_left_mid,-0.430401262811,-0.360401262811,-0.255595518905,-0.185595518905,0.140960883829,0.250960883829,1,0,0,1,1,75,74,200,3.986065705,0.03,0.05,0.2,inf,0.0531475427333,3.987890356,0.0277860799849,0.016597599781,0.149369941254,0,0.0203655769445,45,1024,3072,../random_pose_benchmark/results/trajectories/bicmppi/scenario_118_executed_x.csv
bicmppi,BiC-MPPI,119,260919,7,15,place_low,front_right_mid,-0.360669782192,-0.290669782192,-0.518287344002,-0.448287344002,0.142987881648,0.252987881648,1,1,0,0,0,200,200,200,8.699454787,0.03,0.05,0.2,inf,0.043497273935,8.70469873,0.236073353095,0.0840808141302,0.232383147039,57,0.151831798575,45,1024,3072,../random_pose_benchmark/results/trajectories/bicmppi/scenario_119_executed_x.csv
bicmppi,BiC-MPPI,120,260920,8,0,left_high,home_mid,-0.562265368036,-0.492265368036,0.0349158075425,0.104915807543,0.408187441779,0.518187441779,1,0,1,0,0,200,200,200,7.247347452,0.03,0.05,0.2,inf,0.03623673726,7.252887828,0.644622252187,0.373162982987,0.217338726579,0,0.657314024396,45,1024,3072,../random_pose_benchmark/results/trajectories/bicmppi/scenario_120_executed_x.csv
bicmppi,BiC-MPPI,121,260921,8,1,left_high,detour_high,-0.262210937607,-0.192210937607,-0.0850731039874,-0.0150731039874,0.634924387632,0.744924387632,1,0,0,1,1,94,93,200,5.068306396,0.03,0.05,0.2,inf,0.0539181531489,5.070667646,0.0284938010155,0.0236100235801,0.196867897015,0,0.0274152009164,45,1024,3072,../random_pose_benchmark/results/trajectories/bicmppi/scenario_121_executed_x.csv
bicmppi,BiC-MPPI,122,260922,8,2,left_high,goal_right,-0.224509529642,-0.154509529642,-0.22086512922,-0.15086512922,0.34197197772,0.45197197772,1,0,0,0,0,200,200,200,10.47869853,0.03,0.05,0.2,inf,0.05239349265,10.484039935,0.145643402983,0.0733755798548,0.267408675248,0,0.136097410301,45,1024,3072,../random_pose_benchmark/results/trajectories/bicmppi/scenario_122_executed_x.csv
bicmppi,BiC-MPPI,123,260923,8,3,left_high,pre_pick,-0.55601741197,-0.48601741197,0.240155135173,0.310155135173,0.423318640169,0.533318640169,1,1,1,0,0,200,200,200,3.236186548,0.03,0.05,0.2,inf,0.01618093274,3.241563118,0.400578275949,0.27771419631,0.180715476429,132,0.414322518553,45,1024,3072,../random_pose_benchmark/results/trajectories/bicmppi/scenario_123_executed_x.csv
bicmppi,BiC-MPPI,124,260924,8,4,left_high,pick_low,-0.543197873567,-0.473197873567,0.218100911997,0.288100911997,0.275218893213,0.385218893213,1,0,1,0,0,200,200,200,7.324729834,0.03,0.05,0.2,inf,0.03662364917,7.329604664,0.569153206395,0.349117865027,0.180553393119,0,0.591633952899,45,1024,3072,../random_pose_benchmark/results/trajectories/bicmppi/scenario_124_executed_x.csv
bicmppi,BiC-MPPI,125,260925,8,5,left_high,transfer_high,-0.511800254555,-0.441800254555,0.0324520934174,0.102452093417,0.490341493638,0.600341493638,1,0,0,0,0,200,200,200,10.42535295,0.03,0.05,0.2,inf,0.05212676475,10.43035745,0.185677522872,0.0971940054627,0.181724481633,0,0.254751506214,45,1024,3072,../random_pose_benchmark/results/trajectories/bicmppi/scenario_125_executed_x.csv
bicmppi,BiC-MPPI,126,260926,8,6,left_high,pre_place,-0.386835267214,-0.316835267214,-0.148292169099,-0.0782921690987,0.431686306528,0.541686306528,1,0,0,0,0,200,200,200,10.485481987,0.03,0.05,0.2,inf,0.052427409935,10.490438615,0.0488084835826,0.0194715805541,0.0624225212095,0,0.0504216346475,45,1024,3072,../random_pose_benchmark/results/trajectories/bicmppi/scenario_126_executed_x.csv
bicmppi,BiC-MPPI,127,260927,8,7,left_high,place_low,-0.361528232803,-0.291528232803,-0.133716910698,-0.0637169106976,0.265152559941,0.375152559941,1,0,0,1,1,92,91,200,4.906914513,0.03,0.05,0.2,inf,0.0533360273152,4.909331226,0.0297130728025,0.0175058716284,0.12714394608,0,0.047126501217,45,1024,3072,../random_pose_benchmark/results/trajectories/bicmppi/scenario_127_executed_x.csv
bicmppi,BiC-MPPI,128,260928,8,9,left_high,left_low,-0.517570407911,-0.447570407911,0.288859876693,0.358859876693,0.305554191516,0.415554191516,1,0,1,0,0,200,200,200,7.302034916,0.03,0.05,0.2,inf,0.03651017458,7.307129904,0.573822734746,0.363729080021,0.215105878632,0,0.586919507188,45,1024,3072,../random_pose_benchmark/results/trajectories/bicmppi/scenario_128_executed_x.csv
bicmppi,BiC-MPPI,129,260929,8,10,left_high,right_high,-0.333043270898,-0.263043270898,-0.162927206197,-0.0929272061974,0.476392836061,0.586392836061,1,0,0,1,1,93,92,200,4.968560085,0.03,0.05,0.2,inf,0.0534253772581,4.970864391,0.0291853350417,0.021383171215,0.129093858714,0,0.0172386713295,45,1024,3072,../random_pose_benchmark/results/trajectories/bicmppi/scenario_129_executed_x.csv
bicmppi,BiC-MPPI,130,260930,8,11,left_high,right_low,-0.316112016581,-0.246112016581,-0.161285045149,-0.0912850451486,0.304189652401,0.414189652401,1,0,0,1,1,104,103,200,5.589931785,0.03,0.05,0.2,inf,0.0537493440865,5.592540191,0.0293878260856,0.0167448855799,0.0616203299925,0,0.0225859392477,45,1024,3072,../random_pose_benchmark/results/trajectories/bicmppi/scenario_130_executed_x.csv
bicmppi,BiC-MPPI,131,260931,8,12,left_high,over_left,-0.508968971156,-0.438968971156,0.14009459518,0.21009459518,0.487427797049,0.597427797049,1,0,0,0,0,200,200,200,10.386177379,0.03,0.05,0.2,inf,0.051930886895,10.391135557,0.685447992209,0.345091811311,0.0802912605225,0,0.68820874403,45,1024,3072,../random_pose_benchmark/results/trajectories/bicmppi/scenario_131_executed_x.csv
bicmppi,BiC-MPPI,132,260932,8,13,left_high,over_right,-0.464029502358,-0.394029502358,-0.0158454454634,0.0541545545366,0.497060730315,0.607060730315,1,0,0,0,0,200,200,200,10.525117642,0.03,0.05,0.2,inf,0.05262558821,10.530545671,0.0905857705222,0.0453663626655,0.148317578347,0,0.0836735610247,45,1024,3072,../random_pose_benchmark/results/trajectories/bicmppi/scenario_132_executed_x.csv
bicmppi,BiC-MPPI,133,260933,8,14,left_high,front_left_mid,-0.57967186609,-0.50967186609,0.181524191874,0.251524191874,0.339374169645,0.449374169645,1,0,1,0,0,200,200,200,7.283444453,0.03,0.05,0.2,inf,0.036417222265,7.28841466,0.390171711122,0.210969504241,0.0399059142711,0,0.385434601126,45,1024,3072,../random_pose_benchmark/results/trajectories/bicmppi/scenario_133_executed_x.csv
bicmppi,BiC-MPPI,134,260934,8,15,left_high,front_right_mid,-0.509940385471,-0.439940385471,-0.0811676332236,-0.0111676332236,0.341401167465,0.451401167465,1,0,0,0,0,200,200,200,10.355766607,0.03,0.05,0.2,inf,0.051778833035,10.360758093,0.093196236677,0.0591996836752,0.191203118909,0,0.132198482372,45,1024,3072,../random_pose_benchmark/results/trajectories/bicmppi/scenario_134_executed_x.csv
bicmppi,BiC-MPPI,135,260935,9,0,left_low,home_mid,-0.569036939865,-0.499036939865,0.0203728841544,0.0903728841544,0.250175787537,0.360175787537,1,0,0,0,0,200,200,200,10.426626268,0.03,0.05,0.2,inf,0.05213313134,10.43147122,0.0746889408506,0.0441722582843,0.0780268264491,0,0.0697390612602,45,1024,3072,../random_pose_benchmark/results/trajectories/bicmppi/scenario_135_executed_x.csv
bicmppi,BiC-MPPI,136,260936,9,1,left_low,detour_high,-0.268982509436,-0.198982509436,-0.0996160273754,-0.0296160273754,0.47691273339,0.58691273339,1,0,0,1,1,103,102,200,5.483843025,0.03,0.05,0.2,inf,0.0532411944175,5.486384544,0.028199611537,0.0226770965956,0.192558222754,0,0.0303281360234,45,1024,3072,../random_pose_benchmark/results/trajectories/bicmppi/scenario_136_executed_x.csv
bicmppi,BiC-MPPI,137,260937,9,2,left_low,goal_right,-0.231281101471,-0.161281101471,-0.235408052608,-0.165408052608,0.183960323478,0.293960323478,0,0,0,0,0,200,200,200,10.519042716,0.03,0.05,0.2,inf,0.05259521358,10.524248599,0.0576148613084,0.0279422209763,0.0544269253408,0,0.0468156901377,45,1024,3072,../random_pose_benchmark/results/trajectories/bicmppi/scenario_137_executed_x.csv
bicmppi,BiC-MPPI,138,260938,9,3,left_low,pre_pick,-0.562788983799,-0.492788983799,0.225612211785,0.295612211785,0.265306985927,0.375306985927,1,1,1,0,0,200,200,200,7.153831179,0.03,0.05,0.2,inf,0.035769155895,7.159009547,0.268484853643,0.159827018049,0.306840387164,4,0.32929783614,45,1024,3072,../random_pose_benchmark/results/trajectories/bicmppi/scenario_138_executed_x.csv
bicmppi,BiC-MPPI,139,260939,9,4,left_low,pick_low,-0.549969445397,-0.479969445397,0.203557988609,0.273557988609,0.117207238971,0.227207238971,1,1,1,0,0,200,200,200,6.689967338,0.03,0.05,0.2,inf,0.03344983669,6.695041788,0.453003271628,0.271630893927,0.20663733172,21,0.446255798114,45,1024,3072,../random_pose_benchmark/results/trajectories/bicmppi/scenario_139_executed_x.csv
bicmppi,BiC-MPPI,140,260940,9,5,left_low,transfer_high,-0.518571826384,-0.448571826384,0.0179091700293,0.0879091700293,0.332329839396,0.442329839396,1,0,0,1,1,81,80,200,4.24046846,0.03,0.05,0.2,inf,0.0523514624691,4.242452998,0.0296924820268,0.0170229300607,0.131250743215,0,0.0329735567384,45,1024,3072,../random_pose_benchmark/results/trajectories/bicmppi/scenario_140_executed_x.csv
bicmppi,BiC-MPPI,141,260941,9,6,left_low,pre_place,-0.393606839043,-0.323606839043,-0.162835092487,-0.0928350924867,0.273674652286,0.383674652286,0,0,0,1,1,86,85,200,4.602743049,0.03,0.05,0.2,inf,0.0535202680116,4.604869194,0.0296561126607,0.013537689517,0.104163009185,0,0.0322836854488,45,1024,3072,../random_pose_benchmark/results/trajectories/bicmppi/scenario_141_executed_x.csv
bicmppi,BiC-MPPI,142,260942,9,7,left_low,place_low,-0.368299804632,-0.298299804632,-0.148259834086,-0.0782598340857,0.1071409057,0.2171409057,0,0,0,1,1,81,80,200,4.319057116,0.03,0.05,0.2,inf,0.0533216927901,4.321018052,0.0295453198478,0.016758892477,0.186426080882,0,0.0550383944089,45,1024,3072,../random_pose_benchmark/results/trajectories/bicmppi/scenario_142_executed_x.csv
bicmppi,BiC-MPPI,143,260943,9,8,left_low,left_high,-0.517570407911,-0.447570407911,0.288859876693,0.358859876693,0.305554191516,0.415554191516,1,1,0,0,0,200,200,200,8.973466447,0.03,0.05,0.2,inf,0.044867332235,8.978729303,0.232392557915,0.125585120249,0.453889639503,44,0.158341422724,45,1024,3072,../random_pose_benchmark/results/trajectories/bicmppi/scenario_143_executed_x.csv
bicmppi,BiC-MPPI,144,260944,9,10,left_low,right_high,-0.339814842727,-0.269814842727,-0.177470129585,-0.107470129585,0.318381181819,0.428381181819,0,0,0,1,1,95,94,200,4.982950852,0.03,0.05,0.2,inf,0.0524521142316,4.985326253,0.029710305436,0.0110771875941,0.0823237825209,0,0.0217808851926,45,1024,3072,../random_pose_benchmark/results/trajectories/bicmppi/scenario_144_executed_x.csv
bicmppi,BiC-MPPI,145,260945,9,11,left_low,right_low,-0.32288358841,-0.25288358841,-0.175827968537,-0.105827968537,0.146177998159,0.256177998159,0,0,0,1,1,95,94,200,5.120501048,0.03,0.05,0.2,inf,0.0539000110316,5.123072779,0.0284487105681,0.0130508216364,0.107145948503,0,0.0171359424931,45,1024,3072,../random_pose_benchmark/results/trajectories/bicmppi/scenario_145_executed_x.csv
bicmppi,BiC-MPPI,146,260946,9,12,left_low,over_left,-0.515740542985,-0.445740542985,0.125551671792,0.195551671792,0.329416142807,0.439416142807,1,0,0,0,0,200,200,200,10.446268145,0.03,0.05,0.2,inf,0.052231340725,10.451313738,0.0580129517049,0.0357246794449,0.174304902226,0,0.0958969629681,45,1024,3072,../random_pose_benchmark/results/trajectories/bicmppi/scenario_146_executed_x.csv
bicmppi,BiC-MPPI,147,260947,9,13,left_low,over_right,-0.470801074187,-0.400801074187,-0.0303883688515,0.0396116311485,0.339049076073,0.449049076073,1,0,0,1,1,78,77,200,4.142236606,0.03,0.05,0.2,inf,0.0531055975128,4.144194604,0.0281130595004,0.0134859766165,0.175159756813,0,0.0213183130024,45,1024,3072,../random_pose_benchmark/results/trajectories/bicmppi/scenario_147_executed_x.csv
bicmppi,BiC-MPPI,148,260948,9,14,left_low,front_left_mid,-0.586443437919,-0.516443437919,0.166981268486,0.236981268486,0.181362515404,0.291362515404,1,0,1,0,0,200,200,200,7.395006403,0.03,0.05,0.2,inf,0.036975032015,7.400408026,0.253864191549,0.165066047438,0.297736363537,0,0.255469973594,45,1024,3072,../random_pose_benchmark/results/trajectories/bicmppi/scenario_148_executed_x.csv
bicmppi,BiC-MPPI,149,260949,9,15,left_low,front_right_mid,-0.5167119573,-0.4467119573,-0.0957105566117,-0.0257105566117,0.183389513223,0.293389513223,1,0,0,1,1,79,78,200,4.254894213,0.03,0.05,0.2,inf,0.0538594204177,4.256834954,0.0290064970555,0.0196900219584,0.113631739616,0,0.0343109030837,45,1024,3072,../random_pose_benchmark/results/trajectories/bicmppi/scenario_149_executed_x.csv
bicmppi,BiC-MPPI,150,260950,10,0,right_high,home_mid,-0.384509802851,-0.314509802851,-0.431414198736,-0.361414198736,0.421014432082,0.531014432082,1,0,0,1,1,81,80,200,4.342274407,0.03,0.05,0.2,inf,0.0536083260123,4.344336611,0.0292369145432,0.0202906594032,0.121594236338,0,0.0165766436227,45,1024,3072,../random_pose_benchmark/results/trajectories/bicmppi/scenario_150_executed_x.csv
bicmppi,BiC-MPPI,151,260951,10,1,right_high,detour_high,-0.0844553724223,-0.0144553724223,-0.551403110266,-0.481403110266,0.647751377934,0.757751377934,1,1,0,0,0,200,200,200,7.132356892,0.03,0.05,0.2,inf,0.03566178446,7.138034642,0.431025104464,0.280975459699,0.142947561829,102,0.436062587933,45,1024,3072,../random_pose_benchmark/results/trajectories/bicmppi/scenario_151_executed_x.csv
bicmppi,BiC-MPPI,152,260952,10,2,right_high,goal_right,-0.0467539644569,0.0232460355431,-0.687195135498,-0.617195135498,0.354798968023,0.464798968023,1,0,1,0,0,200,200,200,7.317863236,0.03,0.05,0.2,inf,0.03658931618,7.323106544,0.292511199401,0.190676542462,0.0979776063073,0,0.304810311147,45,1024,3072,../random_pose_benchmark/results/trajectories/bicmppi/scenario_152_executed_x.csv
bicmppi,BiC-MPPI,153,260953,10,3,right_high,pre_pick,-0.378261846785,-0.308261846785,-0.226174871106,-0.156174871106,0.436145630471,0.546145630471,1,0,0,1,1,86,85,200,4.693787629,0.03,0.05,0.2,inf,0.0545789259186,4.69594105,0.0273972420334,0.0182460806723,0.16947210797,0,0.0328200467695,45,1024,3072,../random_pose_benchmark/results/trajectories/bicmppi/scenario_153_executed_x.csv
bicmppi,BiC-MPPI,154,260954,10,4,right_high,pick_low,-0.365442308383,-0.295442308383,-0.248229094281,-0.178229094281,0.288045883516,0.398045883516,0,0,0,1,1,85,84,200,4.556853791,0.03,0.05,0.2,inf,0.0536100446,4.559002193,0.0282536353812,0.0141005703517,0.146591920213,0,0.0274572534411,45,1024,3072,../random_pose_benchmark/results/trajectories/bicmppi/scenario_154_executed_x.csv
bicmppi,BiC-MPPI,155,260955,10,5,right_high,transfer_high,-0.334044689371,-0.264044689371,-0.433877912861,-0.363877912861,0.503168483941,0.613168483941,1,1,0,1,0,138,137,200,4.944561268,0.03,0.05,0.2,inf,0.0358301541159,4.948216623,0.0252255557927,0.0144693806485,0.192461323117,76,0.0151042090742,45,1024,3072,../random_pose_benchmark/results/trajectories/bicmppi/scenario_155_executed_x.csv
bicmppi,BiC-MPPI,156,260956,10,6,right_high,pre_place,-0.20907970203,-0.13907970203,-0.614622175377,-0.544622175377,0.444513296831,0.554513296831,1,1,1,0,0,200,200,200,3.050337268,0.03,0.05,0.2,inf,0.01525168634,3.055639158,0.212640949937,0.143695353879,0.274410013134,133,0.218040066392,45,1024,3072,../random_pose_benchmark/results/trajectories/bicmppi/scenario_156_executed_x.csv
bicmppi,BiC-MPPI,157,260957,10,7,right_high,place_low,-0.183772667619,-0.113772667619,-0.600046916976,-0.530046916976,0.277979550244,0.387979550244,1,0,0,0,0,200,200,200,10.37357257,0.03,0.05,0.2,inf,0.05186786285,10.378526481,0.124048391127,0.0463116314963,0.230595512319,0,0.161714245754,45,1024,3072,../random_pose_benchmark/results/trajectories/bicmppi/scenario_157_executed_x.csv
bicmppi,BiC-MPPI,158,260958,10,8,right_high,left_high,-0.333043270898,-0.263043270898,-0.162927206197,-0.0929272061974,0.476392836061,0.586392836061,1,0,0,1,1,98,97,200,5.213761279,0.03,0.05,0.2,inf,0.0532016457041,5.216176207,0.0288439774788,0.0197207262434,0.112152795175,0,0.0190643451462,45,1024,3072,../random_pose_benchmark/results/trajectories/bicmppi/scenario_158_executed_x.csv
bicmppi,BiC-MPPI,159,260959,10,9,right_high,left_low,-0.339814842727,-0.269814842727,-0.177470129585,-0.107470129585,0.318381181819,0.428381181819,0,0,0,1,1,90,89,200,4.903013669,0.03,0.05,0.2,inf,0.0544779296556,4.905232416,0.0294591144094,0.0165900440191,0.142852148411,0,0.0296953415671,45,1024,3072,../random_pose_benchmark/results/trajectories/bicmppi/scenario_159_executed_x.csv
bicmppi,BiC-MPPI,160,260960,10,11,right_high,right_low,-0.138356451396,-0.0683564513959,-0.627615051427,-0.557615051427,0.317016642703,0.427016642703,1,0,1,0,0,200,200,200,7.391859506,0.03,0.05,0.2,inf,0.03695929753,7.396750812,0.567742666534,0.381518741553,0.141758934673,0,0.572817949655,45,1024,3072,../random_pose_benchmark/results/trajectories/bicmppi/scenario_160_executed_x.csv
bicmppi,BiC-MPPI,161,260961,10,12,right_high,over_left,-0.331213405971,-0.261213405971,-0.326235411098,-0.256235411098,0.500254787352,0.610254787352,1,0,0,1,1,111,110,200,5.896167467,0.03,0.05,0.2,inf,0.0531186258288,5.898888455,0.028615730973,0.0181293975627,0.127732528193,0,0.0450376789277,45,1024,3072,../random_pose_benchmark/results/trajectories/bicmppi/scenario_161_executed_x.csv
bicmppi,BiC-MPPI,162,260962,10,13,right_high,over_right,-0.286273937173,-0.216273937173,-0.482175451742,-0.412175451742,0.509887720618,0.619887720618,1,1,0,0,0,200,200,200,8.256708419,0.03,0.05,0.2,inf,0.041283542095,8.261954933,0.0735085813492,0.0192345002967,0.0585475875641,74,0.064895163715,45,1024,3072,../random_pose_benchmark/results/trajectories/bicmppi/scenario_162_executed_x.csv
bicmppi,BiC-MPPI,163,260963,10,14,right_high,front_left_mid,-0.401916300906,-0.331916300906,-0.284805814404,-0.214805814404,0.352201159948,0.462201159948,1,0,0,1,1,82,81,200,4.355153631,0.03,0.05,0.2,inf,0.0531116296463,4.357333531,0.0293615065874,0.0193458122224,0.162874022412,0,0.0141742583908,45,1024,3072,../random_pose_benchmark/results/trajectories/bicmppi/scenario_163_executed_x.csv
bicmppi,BiC-MPPI,164,260964,10,15,right_high,front_right_mid,-0.332184820287,-0.262184820287,-0.547497639502,-0.477497639502,0.354228157768,0.464228157768,1,0,0,1,1,78,77,200,4.116104368,0.03,0.05,0.2,inf,0.0527705688205,4.118215189,0.0280400353349,0.0187978369571,0.12221774624,0,0.0548833861591,45,1024,3072,../random_pose_benchmark/results/trajectories/bicmppi/scenario_164_executed_x.csv
bicmppi,BiC-MPPI,165,260965,11,0,right_low,home_mid,-0.367578548534,-0.297578548534,-0.429772037687,-0.359772037687,0.248811248421,0.358811248421,1,0,0,1,1,85,84,200,4.506963937,0.03,0.05,0.2,inf,0.0530231051412,4.509081195,0.0288668048728,0.0178951872844,0.11631714941,0,0.035327294034,45,1024,3072,../random_pose_benchmark/results/trajectories/bicmppi/scenario_165_executed_x.csv
bicmppi,BiC-MPPI,166,260966,11,1,right_low,detour_high,-0.0675241181052,0.00247588189483,-0.549760949217,-0.479760949217,0.475548194274,0.585548194274,1,0,0,1,1,67,66,200,3.524173511,0.03,0.05,0.2,inf,0.0525996046418,3.525836015,0.0288014045606,0.011355944686,0.157093022472,0,0.0243976732294,45,1024,3072,../random_pose_benchmark/results/trajectories/bicmppi/scenario_166_executed_x.csv
bicmppi,BiC-MPPI,167,260967,11,2,right_low,goal_right,-0.0298227101398,0.0401772898602,-0.68555297445,-0.61555297445,0.182595784362,0.292595784362,1,1,1,0,0,200,200,200,4.272107178,0.03,0.05,0.2,inf,0.02136053589,4.277580869,0.265886994193,0.195021965244,0.22335631069,98,0.317137913119,45,1024,3072,../random_pose_benchmark/results/trajectories/bicmppi/scenario_167_executed_x.csv
bicmppi,BiC-MPPI,168,260968,11,3,right_low,pre_pick,-0.361330592468,-0.291330592468,-0.224532710057,-0.154532710057,0.263942446811,0.373942446811,1,0,0,1,1,82,81,200,4.391648205,0.03,0.05,0.2,inf,0.0535566854268,4.393695203,0.0298595792394,0.0185512614343,0.159224992062,0,0.0352620980141,45,1024,3072,../random_pose_benchmark/results/trajectories/bicmppi/scenario_168_executed_x.csv
bicmppi,BiC-MPPI,169,260969,11,4,right_low,pick_low,-0.348511054066,-0.278511054066,-0.246586933232,-0.176586933232,0.115842699856,0.225842699856,0,0,0,1,1,80,79,200,4.285831397,0.03,0.05,0.2,inf,0.0535728924625,4.287763266,0.0279261341451,0.015155315636,0.136433286928,0,0.0271977054712,45,1024,3072,../random_pose_benchmark/results/trajectories/bicmppi/scenario_169_executed_x.csv
bicmppi,BiC-MPPI,170,260970,11,5,right_low,transfer_high,-0.317113435053,-0.247113435053,-0.432235751812,-0.362235751812,0.330965300281,0.440965300281,1,1,0,1,0,154,153,200,5.066629357,0.03,0.05,0.2,inf,0.0329001906299,5.071043854,0.0283703246368,0.010378098648,0.185506117268,96,0.0248013667134,45,1024,3072,../random_pose_benchmark/results/trajectories/bicmppi/scenario_170_executed_x.csv
bicmppi,BiC-MPPI,171,260971,11,6,right_low,pre_place,-0.192148447713,-0.122148447713,-0.612980014328,-0.542980014328,0.272310113171,0.382310113171,1,1,0,0,0,200,200,200,8.452955541,0.03,0.05,0.2,inf,0.042264777705,8.458451645,0.256648884982,0.122352536158,0.16188811634,61,0.266834347291,45,1024,3072,../random_pose_benchmark/results/trajectories/bicmppi/scenario_171_executed_x.csv
bicmppi,BiC-MPPI,172,260972,11,7,right_low,place_low,-0.166841413301,-0.0968414133015,-0.598404755927,-0.528404755927,0.105776366584,0.215776366584,1,1,1,0,0,200,200,200,2.014490034,0.03,0.05,0.2,inf,0.01007245017,2.019865723,0.823780237045,0.217668634083,1.01881286141,173,0.325168579065,45,1024,3072,../random_pose_benchmark/results/trajectories/bicmppi/scenario_172_executed_x.csv
bicmppi,BiC-MPPI,173,260973,11,8,right_low,left_high,-0.316112016581,-0.246112016581,-0.161285045149,-0.0912850451486,0.304189652401,0.414189652401,1,0,0,1,1,93,92,200,5.054285563,0.03,0.05,0.2,inf,0.0543471565914,5.056961508,0.029115613875,0.018158683019,0.133174878925,0,0.0316292930637,45,1024,3072,../random_pose_benchmark/results/trajectories/bicmppi/scenario_173_executed_x.csv
bicmppi,BiC-MPPI,174,260974,11,9,right_low,left_low,-0.32288358841,-0.25288358841,-0.175827968537,-0.105827968537,0.146177998159,0.256177998159,0,0,0,1,1,88,87,200,4.697190295,0.03,0.05,0.2,inf,0.0533771624432,4.699433801,0.0293567411015,0.0164576986162,0.152989973689,0,0.0448341663836,45,1024,3072,../random_pose_benchmark/results/trajectories/bicmppi/scenario_174_executed_x.csv
bicmppi,BiC-MPPI,175,260975,11,10,right_low,right_high,-0.138356451396,-0.0683564513959,-0.627615051427,-0.557615051427,0.317016642703,0.427016642703,1,1,0,0,0,200,200,200,9.062925756,0.03,0.05,0.2,inf,0.04531462878,9.067968841,0.248379052302,0.138551157897,0.422872411754,40,0.189370509948,45,1024,3072,../random_pose_benchmark/results/trajectories/bicmppi/scenario_175_executed_x.csv
bicmppi,BiC-MPPI,176,260976,11,12,right_low,over_left,-0.314282151654,-0.244282151654,-0.324593250049,-0.254593250049,0.328051603692,0.438051603692,1,0,0,1,1,94,93,200,4.987140516,0.03,0.05,0.2,inf,0.0530546863404,4.989642869,0.0284904648728,0.0149816079711,0.133517538095,0,0.0331170608988,45,1024,3072,../random_pose_benchmark/results/trajectories/bicmppi/scenario_176_executed_x.csv
bicmppi,BiC-MPPI,177,260977,11,13,right_low,over_right,-0.269342682856,-0.199342682856,-0.480533290693,-0.410533290693,0.337684536957,0.447684536957,1,1,0,1,0,100,99,200,3.935606968,0.03,0.05,0.2,inf,0.03935606968,3.938230649,0.0289684904246,0.00681829746183,0.159363207882,42,0.0317562704908,45,1024,3072,../random_pose_benchmark/results/trajectories/bicmppi/scenario_177_executed_x.csv
bicmppi,BiC-MPPI,178,260978,11,14,right_low,front_left_mid,-0.384985046589,-0.314985046589,-0.283163653356,-0.213163653356,0.179997976288,0.289997976288,0,0,0,1,1,79,78,200,4.166008187,0.03,0.05,0.2,inf,0.0527342808481,4.16794709,0.0285605768008,0.0179857938384,0.134525622842,0,0.0234074635809,45,1024,3072,../random_pose_benchmark/results/trajectories/bicmppi/scenario_178_executed_x.csv
bicmppi,BiC-MPPI,179,260979,11,15,right_low,front_right_mid,-0.315253565969,-0.245253565969,-0.545855478453,-0.475855478453,0.182024974107,0.292024974107,1,1,0,1,0,137,136,200,4.918881047,0.03,0.05,0.2,inf,0.035904241219,4.922530697,0.0260204165388,0.0123580544344,0.198887241519,75,0.0591158343721,45,1024,3072,../random_pose_benchmark/results/trajectories/bicmppi/scenario_179_executed_x.csv
bicmppi,BiC-MPPI,180,260980,12,0,over_left,home_mid,-0.560435503109,-0.490435503109,-0.128392397358,-0.0583923973581,0.43204939307,0.54204939307,1,0,1,0,0,200,200,200,7.363011009,0.03,0.05,0.2,inf,0.036815055045,7.367927231,0.437290523398,0.258859622281,0.150363219083,0,0.442905603949,45,1024,3072,../random_pose_benchmark/results/trajectories/bicmppi/scenario_180_executed_x.csv
bicmppi,BiC-MPPI,181,260981,12,1,over_left,detour_high,-0.26038107268,-0.19038107268,-0.248381308888,-0.178381308888,0.658786338923,0.768786338923,1,0,0,0,0,200,200,200,10.472855752,0.03,0.05,0.2,inf,0.05236427876,10.47789704,0.144533028956,0.109026444493,0.266434511101,0,0.17090637607,45,1024,3072,../random_pose_benchmark/results/trajectories/bicmppi/scenario_181_executed_x.csv
bicmppi,BiC-MPPI,182,260982,12,2,over_left,goal_right,-0.222679664715,-0.152679664715,-0.384173334121,-0.314173334121,0.365833929011,0.475833929011,1,0,0,0,0,200,200,200,10.346204242,0.03,0.05,0.2,inf,0.05173102121,10.351221474,0.14636352049,0.0884308009203,0.120752453074,0,0.158965651812,45,1024,3072,../random_pose_benchmark/results/trajectories/bicmppi/scenario_182_executed_x.csv
bicmppi,BiC-MPPI,183,260983,12,3,over_left,pre_pick,-0.554187547043,-0.484187547043,0.0768469302719,0.146846930272,0.44718059146,0.55718059146,1,0,0,0,0,200,200,200,8.754073674,0.03,0.05,0.2,inf,0.04377036837,8.75918141,0.262689961497,0.107501112409,0.0767984024733,51,0.266798909057,45,1024,3072,../random_pose_benchmark/results/trajectories/bicmppi/scenario_183_executed_x.csv
bicmppi,BiC-MPPI,184,260984,12,4,over_left,pick_low,-0.541368008641,-0.471368008641,0.0547927070967,0.124792707097,0.299080844504,0.409080844504,1,0,0,0,0,200,200,200,10.428187601,0.03,0.05,0.2,inf,0.052140938005,10.433104865,0.136969144488,0.037140059878,0.202227989199,0,0.167142274701,45,1024,3072,../random_pose_benchmark/results/trajectories/bicmppi/scenario_184_executed_x.csv
bicmppi,BiC-MPPI,185,260985,12,5,over_left,transfer_high,-0.509970389629,-0.439970389629,-0.130856111483,-0.0608561114833,0.514203444929,0.624203444929,1,0,1,0,0,200,200,200,7.355278203,0.03,0.05,0.2,inf,0.036776391015,7.360240552,0.553183978596,0.309288434203,0.166457103712,0,0.569025361856,45,1024,3072,../random_pose_benchmark/results/trajectories/bicmppi/scenario_185_executed_x.csv
bicmppi,BiC-MPPI,186,260986,12,6,over_left,pre_place,-0.385005402288,-0.315005402288,-0.311600373999,-0.241600373999,0.455548257819,0.565548257819,1,0,0,0,0,200,200,200,7.313221914,0.03,0.05,0.2,inf,0.03656610957,7.318120212,0.306133122345,0.153693244094,0.0735148552214,0,0.317825176954,45,1024,3072,../random_pose_benchmark/results/trajectories/bicmppi/scenario_186_executed_x.csv
bicmppi,BiC-MPPI,187,260987,12,7,over_left,place_low,-0.359698367877,-0.289698367877,-0.297025115598,-0.227025115598,0.289014511233,0.399014511233,1,0,1,0,0,200,200,200,7.365847512,0.03,0.05,0.2,inf,0.03682923756,7.371029526,0.695831504592,0.34926539586,0.151313691951,0,0.703777673175,45,1024,3072,../random_pose_benchmark/results/trajectories/bicmppi/scenario_187_executed_x.csv
bicmppi,BiC-MPPI,188,260988,12,8,over_left,left_high,-0.508968971156,-0.438968971156,0.14009459518,0.21009459518,0.487427797049,0.597427797049,1,0,0,0,0,200,200,200,8.088556445,0.03,0.05,0.2,inf,0.040442782225,8.093901319,0.186247838345,0.0667581244022,0.157638589157,67,0.211032079114,45,1024,3072,../random_pose_benchmark/results/trajectories/bicmppi/scenario_188_executed_x.csv
bicmppi,BiC-MPPI,189,260989,12,9,over_left,left_low,-0.515740542985,-0.445740542985,0.125551671792,0.195551671792,0.329416142807,0.439416142807,1,0,0,1,1,83,82,200,4.379983223,0.03,0.05,0.2,inf,0.0527708822048,4.382048693,0.0297955122226,0.0175027168804,0.176804440399,0,0.0522165708865,45,1024,3072,../random_pose_benchmark/results/trajectories/bicmppi/scenario_189_executed_x.csv
bicmppi,BiC-MPPI,190,260990,12,10,over_left,right_high,-0.331213405971,-0.261213405971,-0.326235411098,-0.256235411098,0.500254787352,0.610254787352,1,0,0,0,0,200,200,200,10.240219201,0.03,0.05,0.2,inf,0.051201096005,10.245230522,0.17482623026,0.100430395292,0.244095708219,0,0.210553645386,45,1024,3072,../random_pose_benchmark/results/trajectories/bicmppi/scenario_190_executed_x.csv
bicmppi,BiC-MPPI,191,260991,12,11,over_left,right_low,-0.314282151654,-0.244282151654,-0.324593250049,-0.254593250049,0.328051603692,0.438051603692,1,0,0,0,0,200,200,200,10.253606379,0.03,0.05,0.2,inf,0.051268031895,10.258770323,0.799265136177,0.420645897894,0.161792149672,0,0.80395492921,45,1024,3072,../random_pose_benchmark/results/trajectories/bicmppi/scenario_191_executed_x.csv
bicmppi,BiC-MPPI,192,260992,12,13,over_left,over_right,-0.462199637431,-0.392199637431,-0.179153650364,-0.109153650364,0.520922681606,0.630922681606,1,0,1,0,0,200,200,200,7.306684527,0.03,0.05,0.2,inf,0.036533422635,7.312175705,0.728535830218,0.367629117269,0.175497106349,0,0.731709373313,45,1024,3072,../random_pose_benchmark/results/trajectories/bicmppi/scenario_192_executed_x.csv
bicmppi,BiC-MPPI,193,260993,12,14,over_left,front_left_mid,-0.577842001164,-0.507842001164,0.0182159869732,0.0882159869732,0.363236120937,0.473236120937,1,0,1,0,0,200,200,200,7.348137941,0.03,0.05,0.2,inf,0.036740689705,7.353282949,0.204348423551,0.0998374220133,0.176545223663,0,0.251406397251,45,1024,3072,../random_pose_benchmark/results/trajectories/bicmppi/scenario_193_executed_x.csv
bicmppi,BiC-MPPI,194,260994,12,15,over_left,front_right_mid,-0.508110520544,-0.438110520544,-0.244475838124,-0.174475838124,0.365263118756,0.475263118756,1,0,1,0,0,200,200,200,7.279068985,0.03,0.05,0.2,inf,0.036395344925,7.28396932,0.397828232853,0.233107301651,0.151719459562,0,0.407018011048,45,1024,3072,../random_pose_benchmark/results/trajectories/bicmppi/scenario_194_executed_x.csv
bicmppi,BiC-MPPI,195,260995,13,0,over_right,home_mid,-0.515496034311,-0.445496034311,-0.284332438002,-0.214332438002,0.441682326336,0.551682326336,1,0,1,0,0,200,200,200,7.263821266,0.03,0.05,0.2,inf,0.03631910633,7.268763028,0.229879545177,0.107387795164,0.315216642642,0,0.20658799328,45,1024,3072,../random_pose_benchmark/results/trajectories/bicmppi/scenario_195_executed_x.csv
bicmppi,BiC-MPPI,196,260996,13,1,over_right,detour_high,-0.215441603883,-0.145441603883,-0.404321349532,-0.334321349532,0.668419272188,0.778419272188,1,0,0,0,0,200,200,200,10.403938491,0.03,0.05,0.2,inf,0.052019692455,10.40899646,0.129070087864,0.0823326282515,0.441214313525,0,0.180776624909,45,1024,3072,../random_pose_benchmark/results/trajectories/bicmppi/scenario_196_executed_x.csv
bicmppi,BiC-MPPI,197,260997,13,2,over_right,goal_right,-0.177740195917,-0.107740195917,-0.540113374764,-0.470113374764,0.375466862277,0.485466862277,1,0,1,0,0,200,200,200,7.368586938,0.03,0.05,0.2,inf,0.03684293469,7.373540726,0.542604417941,0.376125623539,0.130546030152,0,0.550920967008,45,1024,3072,../random_pose_benchmark/results/trajectories/bicmppi/scenario_197_executed_x.csv
bicmppi,BiC-MPPI,198,260998,13,3,over_right,pre_pick,-0.509248078246,-0.439248078246,-0.0790931103717,-0.00909311037175,0.456813524725,0.566813524725,1,0,0,1,1,82,81,200,4.362651085,0.03,0.05,0.2,inf,0.0532030620122,4.364671875,0.0288965595296,0.0204271002016,0.107569794143,0,0.0178425735537,45,1024,3072,../random_pose_benchmark/results/trajectories/bicmppi/scenario_198_executed_x.csv
bicmppi,BiC-MPPI,199,260999,13,4,over_right,pick_low,-0.496428539843,-0.426428539843,-0.101147333547,-0.031147333547,0.30871377777,0.41871377777,1,0,0,1,1,82,81,200,4.353010619,0.03,0.05,0.2,inf,0.0530854953537,4.355456617,0.0299415509721,0.01709256463,0.135802220783,0,0.0259969154059,45,1024,3072,../random_pose_benchmark/results/trajectories/bicmppi/scenario_199_executed_x.csv
bicmppi,BiC-MPPI,200,261000,13,5,over_right,transfer_high,-0.465030920831,-0.395030920831,-0.286796152127,-0.216796152127,0.523836378195,0.633836378195,1,1,1,0,0,200,200,200,4.298229479,0.03,0.05,0.2,inf,0.021491147395,4.303381876,0.274373116574,0.133982082592,0.191106551661,100,0.29256593556,45,1024,3072,../random_pose_benchmark/results/trajectories/bicmppi/scenario_200_executed_x.csv
bicmppi,BiC-MPPI,201,261001,13,6,over_right,pre_place,-0.34006593349,-0.27006593349,-0.467540414643,-0.397540414643,0.465181191085,0.575181191085,1,0,1,0,0,200,200,200,7.481901123,0.03,0.05,0.2,inf,0.037409505615,7.487146343,0.450577230375,0.27652570584,0.156383908258,0,0.471059500847,45,1024,3072,../random_pose_benchmark/results/trajectories/bicmppi/scenario_201_executed_x.csv
bicmppi,BiC-MPPI,202,261002,13,7,over_right,place_low,-0.314758899079,-0.244758899079,-0.452965156242,-0.382965156242,0.298647444498,0.408647444498,1,0,1,0,0,200,200,200,7.4594203,0.03,0.05,0.2,inf,0.0372971015,7.464644653,0.618602185608,0.370589531515,0.500359491827,0,0.712570650175,45,1024,3072,../random_pose_benchmark/results/trajectories/bicmppi/scenario_202_executed_x.csv
bicmppi,BiC-MPPI,203,261003,13,8,over_right,left_high,-0.464029502358,-0.394029502358,-0.0158454454634,0.0541545545366,0.497060730315,0.607060730315,1,0,0,1,1,86,85,200,4.58783209,0.03,0.05,0.2,inf,0.0533468847674,4.589970896,0.0283377837323,0.0217042760586,0.122786595897,0,0.0207917135496,45,1024,3072,../random_pose_benchmark/results/trajectories/bicmppi/scenario_203_executed_x.csv
bicmppi,BiC-MPPI,204,261004,13,9,over_right,left_low,-0.470801074187,-0.400801074187,-0.0303883688515,0.0396116311485,0.339049076073,0.449049076073,1,0,0,1,1,84,83,200,4.479598363,0.03,0.05,0.2,inf,0.0533285519405,4.481697465,0.0283536357253,0.0170976648141,0.170547960109,0,0.02383664431,45,1024,3072,../random_pose_benchmark/results/trajectories/bicmppi/scenario_204_executed_x.csv
bicmppi,BiC-MPPI,205,261005,13,10,over_right,right_high,-0.286273937173,-0.216273937173,-0.482175451742,-0.412175451742,0.509887720618,0.619887720618,1,0,1,0,0,200,200,200,7.318760968,0.03,0.05,0.2,inf,0.03659380484,7.324094224,0.523524833917,0.35314823946,0.134017883902,0,0.524833556465,45,1024,3072,../random_pose_benchmark/results/trajectories/bicmppi/scenario_205_executed_x.csv
bicmppi,BiC-MPPI,206,261006,13,11,over_right,right_low,-0.269342682856,-0.199342682856,-0.480533290693,-0.410533290693,0.337684536957,0.447684536957,1,0,1,0,0,200,200,200,7.378777711,0.03,0.05,0.2,inf,0.036893888555,7.383716918,0.45177867148,0.222376053504,0.187131597691,0,0.462184086935,45,1024,3072,../random_pose_benchmark/results/trajectories/bicmppi/scenario_206_executed_x.csv
bicmppi,BiC-MPPI,207,261007,13,12,over_right,over_left,-0.462199637431,-0.392199637431,-0.179153650364,-0.109153650364,0.520922681606,0.630922681606,1,1,0,0,0,200,200,200,8.576769862,0.03,0.05,0.2,inf,0.04288384931,8.582099345,0.212121104185,0.0591624246292,0.462490634801,61,0.137432661174,45,1024,3072,../random_pose_benchmark/results/trajectories/bicmppi/scenario_207_executed_x.csv
bicmppi,BiC-MPPI,208,261008,13,14,over_right,front_left_mid,-0.532902532366,-0.462902532366,-0.13772405367,-0.0677240536705,0.372869054202,0.482869054202,1,0,0,1,1,79,78,200,4.215177429,0.03,0.05,0.2,inf,0.0533566763165,4.217177803,0.0278111032591,0.018528261182,0.176794736345,0,0.0186964962126,45,1024,3072,../random_pose_benchmark/results/trajectories/bicmppi/scenario_208_executed_x.csv
bicmppi,BiC-MPPI,209,261009,13,15,over_right,front_right_mid,-0.463171051747,-0.393171051747,-0.400415878768,-0.330415878768,0.374896052022,0.484896052022,1,0,1,0,0,200,200,200,7.375514002,0.03,0.05,0.2,inf,0.03687757001,7.380768228,0.242142956846,0.159483420737,0.189868870475,0,0.258430921729,45,1024,3072,../random_pose_benchmark/results/trajectories/bicmppi/scenario_209_executed_x.csv
bicmppi,BiC-MPPI,210,261010,14,0,front_left_mid,home_mid,-0.631138398044,-0.561138398044,-0.0869628006645,-0.0169628006645,0.283995765666,0.393995765666,1,0,0,0,0,200,200,200,10.346162842,0.03,0.05,0.2,inf,0.05173081421,10.351150493,0.226460323498,0.134742033584,0.179178550583,0,0.258837588757,45,1024,3072,../random_pose_benchmark/results/trajectories/bicmppi/scenario_210_executed_x.csv
bicmppi,BiC-MPPI,211,261011,14,1,front_left_mid,detour_high,-0.331083967615,-0.261083967615,-0.206951712194,-0.136951712194,0.510732711519,0.620732711519,1,0,0,1,1,84,83,200,4.492952653,0.03,0.05,0.2,inf,0.0534875315833,4.495033558,0.029660018386,0.0127976555161,0.132566746052,0,0.0167286125207,45,1024,3072,../random_pose_benchmark/results/trajectories/bicmppi/scenario_211_executed_x.csv
bicmppi,BiC-MPPI,212,261012,14,2,front_left_mid,goal_right,-0.29338255965,-0.22338255965,-0.342743737427,-0.272743737427,0.217780301607,0.327780301607,0,0,0,1,1,89,88,200,4.786826725,0.03,0.05,0.2,inf,0.0537845699438,4.789099223,0.0296342627733,0.018154848297,0.118466271466,0,0.0265717915911,45,1024,3072,../random_pose_benchmark/results/trajectories/bicmppi/scenario_212_executed_x.csv
bicmppi,BiC-MPPI,213,261013,14,3,front_left_mid,pre_pick,-0.624890441978,-0.554890441978,0.118276526966,0.188276526966,0.299126964056,0.409126964056,1,1,1,0,0,200,200,200,1.107731741,0.03,0.05,0.2,inf,0.005538658705,1.113263401,0.75421751195,0.235032234817,0.278998547736,201,0.801225239523,45,1024,3072,../random_pose_benchmark/results/trajectories/bicmppi/scenario_213_executed_x.csv
bicmppi,BiC-MPPI,214,261014,14,4,front_left_mid,pick_low,-0.612070903576,-0.542070903576,0.0962223037903,0.16622230379,0.151027217101,0.261027217101,1,1,1,0,0,200,200,200,3.526533821,0.03,0.05,0.2,inf,0.017632669105,3.532068205,0.250255634329,0.148796480505,0.228984960104,122,0.26675281862,45,1024,3072,../random_pose_benchmark/results/trajectories/bicmppi/scenario_214_executed_x.csv
bicmppi,BiC-MPPI,215,261015,14,5,front_left_mid,transfer_high,-0.580673284563,-0.510673284563,-0.0894265147896,-0.0194265147896,0.366149817526,0.476149817526,1,0,0,0,0,200,200,200,10.492535305,0.03,0.05,0.2,inf,0.052462676525,10.497804828,0.0763526404916,0.0522301214501,0.107510708963,0,0.082558985123,45,1024,3072,../random_pose_benchmark/results/trajectories/bicmppi/scenario_215_executed_x.csv
bicmppi,BiC-MPPI,216,261016,14,6,front_left_mid,pre_place,-0.455708297222,-0.385708297222,-0.270170777306,-0.200170777306,0.307494630416,0.417494630416,1,0,0,1,1,76,75,200,4.078310415,0.03,0.05,0.2,inf,0.0536619791447,4.080235801,0.0294434196388,0.0196701144125,0.136177715053,0,0.0221239371865,45,1024,3072,../random_pose_benchmark/results/trajectories/bicmppi/scenario_216_executed_x.csv
bicmppi,BiC-MPPI,217,261017,14,7,front_left_mid,place_low,-0.430401262811,-0.360401262811,-0.255595518905,-0.185595518905,0.140960883829,0.250960883829,1,0,0,0,0,200,200,200,10.467153254,0.03,0.05,0.2,inf,0.05233576627,10.472150932,0.0850631993287,0.0339341906541,0.0183498434576,0,0.0703722893376,45,1024,3072,../random_pose_benchmark/results/trajectories/bicmppi/scenario_217_executed_x.csv
bicmppi,BiC-MPPI,218,261018,14,8,front_left_mid,left_high,-0.57967186609,-0.50967186609,0.181524191874,0.251524191874,0.339374169645,0.449374169645,1,1,0,0,0,200,200,200,8.811082107,0.03,0.05,0.2,inf,0.044055410535,8.816295072,0.11585782965,0.0568501273747,0.227294260227,60,0.243066519562,45,1024,3072,../random_pose_benchmark/results/trajectories/bicmppi/scenario_218_executed_x.csv
bicmppi,BiC-MPPI,219,261019,14,9,front_left_mid,left_low,-0.586443437919,-0.516443437919,0.166981268486,0.236981268486,0.181362515404,0.291362515404,1,1,0,0,0,200,200,200,8.020741272,0.03,0.05,0.2,inf,0.04010370636,8.026231674,0.219273516404,0.0870526861912,0.178903515095,80,0.24038536221,45,1024,3072,../random_pose_benchmark/results/trajectories/bicmppi/scenario_219_executed_x.csv
bicmppi,BiC-MPPI,220,261020,14,10,front_left_mid,right_high,-0.401916300906,-0.331916300906,-0.284805814404,-0.214805814404,0.352201159948,0.462201159948,1,0,0,1,1,80,79,200,4.256312971,0.03,0.05,0.2,inf,0.0532039121375,4.258344872,0.0299225082651,0.0169288589857,0.118092757465,0,0.0330734376528,45,1024,3072,../random_pose_benchmark/results/trajectories/bicmppi/scenario_220_executed_x.csv
bicmppi,BiC-MPPI,221,261021,14,11,front_left_mid,right_low,-0.384985046589,-0.314985046589,-0.283163653356,-0.213163653356,0.179997976288,0.289997976288,0,0,0,1,1,81,80,200,4.310093586,0.03,0.05,0.2,inf,0.0532110319259,4.312290181,0.028625704579,0.018220713036,0.138209892692,0,0.0240656872482,45,1024,3072,../random_pose_benchmark/results/trajectories/bicmppi/scenario_221_executed_x.csv
bicmppi,BiC-MPPI,222,261022,14,12,front_left_mid,over_left,-0.577842001164,-0.507842001164,0.0182159869732,0.0882159869732,0.363236120937,0.473236120937,1,1,0,0,0,200,200,200,9.948346663,0.03,0.05,0.2,inf,0.049741733315,9.953471328,0.168336464228,0.0961712728911,0.182727564113,2,0.196321797552,45,1024,3072,../random_pose_benchmark/results/trajectories/bicmppi/scenario_222_executed_x.csv
bicmppi,BiC-MPPI,223,261023,14,13,front_left_mid,over_right,-0.532902532366,-0.462902532366,-0.13772405367,-0.0677240536705,0.372869054202,0.482869054202,1,0,0,1,1,85,84,200,4.468700516,0.03,0.05,0.2,inf,0.0525729472471,4.471140474,0.0294889620863,0.0163971401888,0.150071556646,0,0.064399423692,45,1024,3072,../random_pose_benchmark/results/trajectories/bicmppi/scenario_223_executed_x.csv
bicmppi,BiC-MPPI,224,261024,14,15,front_left_mid,front_right_mid,-0.578813415479,-0.508813415479,-0.203046241431,-0.133046241431,0.217209491352,0.327209491352,1,0,0,0,0,200,200,200,10.323259943,0.03,0.05,0.2,inf,0.051616299715,10.328367005,0.189548853182,0.122951119539,0.119122048967,0,0.200253292939,45,1024,3072,../random_pose_benchmark/results/trajectories/bicmppi/scenario_224_executed_x.csv
bicmppi,BiC-MPPI,225,261025,15,0,front_right_mid,home_mid,-0.561406917424,-0.491406917424,-0.349654625762,-0.279654625762,0.286022763486,0.396022763486,1,1,0,0,0,200,200,200,8.403770973,0.03,0.05,0.2,inf,0.042018854865,8.408957647,0.267121166932,0.0944493730308,0.143377184882,65,0.258508309822,45,1024,3072,../random_pose_benchmark/results/trajectories/bicmppi/scenario_225_executed_x.csv
bicmppi,BiC-MPPI,226,261026,15,1,front_right_mid,detour_high,-0.261352486996,-0.191352486996,-0.469643537292,-0.399643537292,0.512759709338,0.622759709338,1,0,0,1,1,81,80,200,4.328223963,0.03,0.05,0.2,inf,0.0534348637407,4.33028281,0.0295259545873,0.0145766400565,0.112345376332,0,0.0277751036214,45,1024,3072,../random_pose_benchmark/results/trajectories/bicmppi/scenario_226_executed_x.csv
bicmppi,BiC-MPPI,227,261027,15,2,front_right_mid,goal_right,-0.22365107903,-0.15365107903,-0.605435562525,-0.535435562525,0.219807299427,0.329807299427,1,0,0,0,0,200,200,200,10.457823376,0.03,0.05,0.2,inf,0.05228911688,10.462915935,0.653145135987,0.469082149002,0.122076127773,0,0.660483402876,45,1024,3072,../random_pose_benchmark/results/trajectories/bicmppi/scenario_227_executed_x.csv
bicmppi,BiC-MPPI,228,261028,15,3,front_right_mid,pre_pick,-0.555158961359,-0.485158961359,-0.144415298132,-0.0744152981319,0.301153961875,0.411153961875,1,0,0,1,1,85,84,200,4.5237781,0.03,0.05,0.2,inf,0.0532209188235,4.525827423,0.0284323012346,0.0192695842038,0.129845928405,0,0.0330731881276,45,1024,3072,../random_pose_benchmark/results/trajectories/bicmppi/scenario_228_executed_x.csv
bicmppi,BiC-MPPI,229,261029,15,4,front_right_mid,pick_low,-0.542339422956,-0.472339422956,-0.166469521307,-0.0964695213072,0.15305421492,0.26305421492,1,0,0,1,1,75,74,200,3.949958307,0.03,0.05,0.2,inf,0.05266611076,3.951805938,0.0297350273236,0.0161540659123,0.174746438229,0,0.0303676745406,45,1024,3072,../random_pose_benchmark/results/trajectories/bicmppi/scenario_229_executed_x.csv
bicmppi,BiC-MPPI,230,261030,15,5,front_right_mid,transfer_high,-0.510941803944,-0.440941803944,-0.352118339887,-0.282118339887,0.368176815345,0.478176815345,1,1,0,0,0,200,200,200,7.931915089,0.03,0.05,0.2,inf,0.039659575445,7.937351984,0.102884907176,0.0537834814058,0.1382715982,34,0.105291062992,45,1024,3072,../random_pose_benchmark/results/trajectories/bicmppi/scenario_230_executed_x.csv
bicmppi,BiC-MPPI,231,261031,15,6,front_right_mid,pre_place,-0.385976816603,-0.315976816603,-0.532862602403,-0.462862602403,0.309521628235,0.419521628235,1,0,0,0,0,200,200,200,10.351090805,0.03,0.05,0.2,inf,0.051755454025,10.356076654,0.179966167046,0.121889677765,0.249263567619,0,0.315530838358,45,1024,3072,../random_pose_benchmark/results/trajectories/bicmppi/scenario_231_executed_x.csv
bicmppi,BiC-MPPI,232,261032,15,7,front_right_mid,place_low,-0.360669782192,-0.290669782192,-0.518287344002,-0.448287344002,0.142987881648,0.252987881648,1,0,1,0,0,200,200,200,7.221101262,0.03,0.05,0.2,inf,0.03610550631,7.226025135,0.520606369281,0.245448718622,0.302079136394,0,0.533897616935,45,1024,3072,../random_pose_benchmark/results/trajectories/bicmppi/scenario_232_executed_x.csv
bicmppi,BiC-MPPI,233,261033,15,8,front_right_mid,left_high,-0.509940385471,-0.439940385471,-0.0811676332236,-0.0111676332236,0.341401167465,0.451401167465,1,0,0,1,1,86,85,200,4.592694139,0.03,0.05,0.2,inf,0.0534034202209,4.594812214,0.0288757959654,0.0195751039904,0.130241225454,0,0.0270621189774,45,1024,3072,../random_pose_benchmark/results/trajectories/bicmppi/scenario_233_executed_x.csv
bicmppi,BiC-MPPI,234,261034,15,9,front_right_mid,left_low,-0.5167119573,-0.4467119573,-0.0957105566117,-0.0257105566117,0.183389513223,0.293389513223,1,0,0,1,1,77,76,200,4.111276653,0.03,0.05,0.2,inf,0.0533932032857,4.113340316,0.0280472701322,0.0160141114055,0.150908278381,0,0.0294727470721,45,1024,3072,../random_pose_benchmark/results/trajectories/bicmppi/scenario_234_executed_x.csv
bicmppi,BiC-MPPI,235,261035,15,10,front_right_mid,right_high,-0.332184820287,-0.262184820287,-0.547497639502,-0.477497639502,0.354228157768,0.464228157768,1,0,0,0,0,200,200,200,10.355912814,0.03,0.05,0.2,inf,0.05177956407,10.360954113,0.0900938003927,0.0634159909505,0.0800954951287,0,0.0760906732151,45,1024,3072,../random_pose_benchmark/results/trajectories/bicmppi/scenario_235_executed_x.csv
bicmppi,BiC-MPPI,236,261036,15,11,front_right_mid,right_low,-0.315253565969,-0.245253565969,-0.545855478453,-0.475855478453,0.182024974107,0.292024974107,1,0,1,0,0,200,200,200,7.524080888,0.03,0.05,0.2,inf,0.03762040444,7.529211833,0.645421014406,0.401443959196,0.180030331924,0,0.637304751441,45,1024,3072,../random_pose_benchmark/results/trajectories/bicmppi/scenario_236_executed_x.csv
bicmppi,BiC-MPPI,237,261037,15,12,front_right_mid,over_left,-0.508110520544,-0.438110520544,-0.244475838124,-0.174475838124,0.365263118756,0.475263118756,1,1,0,1,0,127,126,200,4.575495423,0.03,0.05,0.2,inf,0.0360275230157,4.579108476,0.0292235316444,0.0130546461943,0.128308725755,69,0.0275621757428,45,1024,3072,../random_pose_benchmark/results/trajectories/bicmppi/scenario_237_executed_x.csv
bicmppi,BiC-MPPI,238,261038,15,13,front_right_mid,over_right,-0.463171051747,-0.393171051747,-0.400415878768,-0.330415878768,0.374896052022,0.484896052022,1,1,0,0,0,200,200,200,9.329838031,0.03,0.05,0.2,inf,0.046649190155,9.334935629,0.129099038955,0.0828267635436,0.193020508603,33,0.167045034288,45,1024,3072,../random_pose_benchmark/results/trajectories/bicmppi/scenario_238_executed_x.csv
bicmppi,BiC-MPPI,239,261039,15,14,front_right_mid,front_left_mid,-0.578813415479,-0.508813415479,-0.203046241431,-0.133046241431,0.217209491352,0.327209491352,1,0,0,1,1,77,76,200,4.073173088,0.03,0.05,0.2,inf,0.0528983517922,4.075093036,0.0283744335305,0.0185725601841,0.128064805964,0,0.0295105477409,45,1024,3072,../random_pose_benchmark/results/trajectories/bicmppi/scenario_239_executed_x.csv
