scenario,solver,step,target_waypoint,reached_waypoints,total_waypoints,elapsed,elapsed_rollout,elapsed_clustering,elapsed_connection,elapsed_guide,cumulative_elapsed,cumulative_rollout,cumulative_clustering,cumulative_connection,cumulative_guide,x,y,theta
0,"bi_mppi",1,1,1,12,0.051718845,0.004292206,0.045590386,4.4072e-05,0.001792181,0.051718845,0.004292206,0.045590386,4.4072e-05,0.001792181,1.5,0.03074465665,1.621383422
0,"bi_mppi",2,1,1,12,0.028979092,0.004179962,0.023228491,3.9553e-05,0.001531086,0.080697937,0.008472168,0.068818877,8.3625e-05,0.003323267,1.496596662,0.097964059,1.536690032
0,"bi_mppi",3,1,1,12,0.010588358,0.003822136,0.005105578,3.6596e-05,0.001624048,0.091286295,0.012294304,0.073924455,0.000120221,0.004947315,1.49854992,0.1552115814,1.514796049
0,"bi_mppi",4,1,1,12,0.007838256,0.003574151,0.002889169,3.6157e-05,0.001338779,0.099124551,0.015868455,0.076813624,0.000156378,0.006286094,1.501859497,0.2142490854,1.492299529
0,"bi_mppi",5,1,1,12,0.010266346,0.003847213,0.00500388,3.6791e-05,0.001378462,0.109390897,0.019715668,0.081817504,0.000193169,0.007664556,1.503428063,0.2341905666,1.436468926
0,"bi_mppi",6,1,1,12,0.010030375,0.00376689,0.004594924,3.5717e-05,0.001632844,0.119421272,0.023482558,0.086412428,0.000228886,0.0092974,1.506477082,0.256752292,1.543948855
0,"bi_mppi",7,1,1,12,0.008058399,0.003764186,0.002912216,3.6206e-05,0.001345791,0.127479671,0.027246744,0.089324644,0.000265092,0.010643191,1.508489095,0.3316766488,1.615156919
0,"bi_mppi",8,1,1,12,0.009711522,0.003598188,0.004428312,3.752e-05,0.001647502,0.137191193,0.030844932,0.093752956,0.000302612,0.012290693,1.505101826,0.4079841556,1.645102552
0,"bi_mppi",9,1,1,12,0.008604313,0.003980478,0.002950624,3.5547e-05,0.001637664,0.145795506,0.03482541,0.09670358,0.000338159,0.013928357,1.503023893,0.435897121,1.601047585
0,"bi_mppi",10,1,1,12,0.009687337,0.003674534,0.004475597,3.6897e-05,0.001500309,0.155482843,0.038499944,0.101179177,0.000375056,0.015428666,1.502279922,0.4604827048,1.634549398
0,"bi_mppi",11,1,1,12,0.008438186,0.003896233,0.002914838,3.696e-05,0.001590155,0.163921029,0.042396177,0.104094015,0.000412016,0.017018821,1.498197786,0.5244263441,1.663587182
0,"bi_mppi",12,1,1,12,0.014304246,0.003531994,0.009124668,3.662e-05,0.001610964,0.178225275,0.045928171,0.113218683,0.000448636,0.018629785,1.491526773,0.5961128909,1.620748341
0,"bi_mppi",13,1,1,12,0.010839235,0.003618655,0.005325537,3.7801e-05,0.001857242,0.18906451,0.049546826,0.11854422,0.000486437,0.020487027,1.490326909,0.6201132445,1.655780164
0,"bi_mppi",14,1,1,12,0.008047657,0.003554667,0.002941568,3.6336e-05,0.001515086,0.197112167,0.053101493,0.121485788,0.000522773,0.022002113,1.483627562,0.6987542066,1.600014565
0,"bi_mppi",15,1,1,12,0.009206834,0.003893505,0.003431469,4.4836e-05,0.001837024,0.206319001,0.056994998,0.124917257,0.000567609,0.023839137,1.481333388,0.7772504273,1.717160874
0,"bi_mppi",16,1,1,12,0.009015028,0.003613388,0.004234803,4.7597e-05,0.00111924,0.215334029,0.060608386,0.12915206,0.000615206,0.024958377,1.478148885,0.7988521787,1.696275228
0,"bi_mppi",17,1,1,12,0.008174652,0.004002711,0.002810481,3.5877e-05,0.001325583,0.223508681,0.064611097,0.131962541,0.000651083,0.02628396,1.475514069,0.8197399387,1.701412084
0,"bi_mppi",18,1,1,12,0.009031643,0.003442276,0.004013711,3.6746e-05,0.00153891,0.232540324,0.068053373,0.135976252,0.000687829,0.02782287,1.472023499,0.8463117516,1.621009182
0,"bi_mppi",19,1,1,12,0.008449465,0.003920295,0.00285559,3.5736e-05,0.001637844,0.240989789,0.071973668,0.138831842,0.000723565,0.029460714,1.469238874,0.9017215519,1.606950246
0,"bi_mppi",20,1,1,12,0.008889842,0.003707821,0.003574512,3.6178e-05,0.001571331,0.249879631,0.075681489,0.142406354,0.000759743,0.031032045,1.467596872,0.9471187446,1.514047721
0,"bi_mppi",21,1,1,12,0.008172639,0.003784803,0.002895162,3.6047e-05,0.001456627,0.25805227,0.079466292,0.145301516,0.00079579,0.032488672,1.469645373,0.9831778113,1.573956908
0,"bi_mppi",22,1,1,12,0.01097478,0.00392721,0.005485908,3.8731e-05,0.001522931,0.26902705,0.083393502,0.150787424,0.000834521,0.034011603,1.46957394,1.005778934,1.578279242
0,"bi_mppi",23,1,1,12,0.00774092,0.003565386,0.002843787,3.6169e-05,0.001295578,0.27676797,0.086958888,0.153631211,0.00087069,0.035307181,1.469440586,1.023599787,1.654555462
0,"bi_mppi",24,1,1,12,0.008371289,0.003643602,0.003225365,3.6357e-05,0.001465965,0.285139259,0.09060249,0.156856576,0.000907047,0.036773146,1.463826071,1.090474626,1.773635615
0,"bi_mppi",25,1,1,12,0.009230075,0.003619596,0.004055419,3.6297e-05,0.001518763,0.294369334,0.094222086,0.160911995,0.000943344,0.038291909,1.45548818,1.131015221,1.680901886
0,"bi_mppi",26,1,1,12,0.008861403,0.003797941,0.003781868,3.7151e-05,0.001244443,0.303230737,0.098020027,0.164693863,0.000980495,0.039536352,1.450804952,1.173377181,1.65771384
0,"bi_mppi",27,1,1,12,0.009371611,0.003626401,0.004224444,4.5273e-05,0.001475493,0.312602348,0.101646428,0.168918307,0.001025768,0.041011845,1.443476051,1.257484929,1.729891535
0,"bi_mppi",28,1,1,12,0.008100463,0.003829404,0.002854455,3.6829e-05,0.001379775,0.320702811,0.105475832,0.171772762,0.001062597,0.04239162,1.434900418,1.3109319,1.723522876
0,"bi_mppi",29,1,1,12,0.009501519,0.003591245,0.004085003,3.7258e-05,0.001788013,0.33020433,0.109067077,0.175857765,0.001099855,0.044179633,1.429459125,1.346282143,1.727717693
0,"bi_mppi",30,1,1,12,0.008383712,0.003768183,0.002927601,3.6067e-05,0.001651861,0.338588042,0.11283526,0.178785366,0.001135922,0.045831494,1.420254389,1.404458148,1.799364129
0,"bi_mppi",31,1,1,12,0.009002124,0.00356888,0.003845572,3.709e-05,0.001550582,0.347590166,0.11640414,0.182630938,0.001173012,0.047382076,1.408448109,1.45520878,1.756382669
0,"bi_mppi",32,1,1,12,0.008191636,0.003615502,0.002887095,3.5486e-05,0.001653553,0.355781802,0.120019642,0.185518033,0.001208498,0.049035629,1.402028513,1.48940162,1.728511434
0,"bi_mppi",33,1,1,12,0.028289843,0.004036214,0.022719357,4.3361e-05,0.001490911,0.384071645,0.124055856,0.20823739,0.001251859,0.05052654,1.389852925,1.56596035,1.708950705
0,"bi_mppi",34,1,1,12,0.009851658,0.003818966,0.004454219,3.8541e-05,0.001539932,0.393923303,0.127874822,0.212691609,0.0012904,0.052066472,1.378424321,1.648156804,1.762136588
0,"bi_mppi",35,1,1,12,0.008718334,0.004024309,0.003260749,3.8233e-05,0.001395043,0.402641637,0.131899131,0.215952358,0.001328633,0.053461515,1.366891326,1.707694224,1.675659616
0,"bi_mppi",36,1,1,12,0.009851162,0.004204949,0.004021714,3.8672e-05,0.001585827,0.412492799,0.13610408,0.219974072,0.001367305,0.055047342,1.360139143,1.77184837,1.625855105
0,"bi_mppi",37,1,1,12,0.011141364,0.003766967,0.006026263,3.9352e-05,0.001308782,0.423634163,0.139871047,0.226000335,0.001406657,0.056356124,1.356382626,1.840006817,1.592223736
0,"bi_mppi",38,1,2,12,0.009070016,0.00374516,0.003764807,3.7429e-05,0.00152262,0.432704179,0.143616207,0.229765142,0.001444086,0.057878744,1.355043606,1.90248822,1.56437496
0,"bi_mppi",39,2,2,12,0.012327882,0.00336764,0.007581209,3.4684e-05,0.001344349,0.445032061,0.146983847,0.237346351,0.00147877,0.059223093,1.35552315,1.977166632,1.532914578
0,"bi_mppi",40,2,2,12,0.010527116,0.003406091,0.005594157,3.4284e-05,0.001492584,0.455559177,0.150389938,0.242940508,0.001513054,0.060715677,1.356718565,2.008708018,1.562463482
0,"bi_mppi",41,2,2,12,0.008311479,0.003617415,0.00314174,3.5114e-05,0.00151721,0.463870656,0.154007353,0.246082248,0.001548168,0.062232887,1.35711503,2.05628552,1.533065201
0,"bi_mppi",42,2,2,12,0.010230163,0.003268727,0.005483672,3.5804e-05,0.00144196,0.474100819,0.15727608,0.25156592,0.001583972,0.063674847,1.357871066,2.076313476,1.617292283
0,"bi_mppi",43,2,2,12,0.009015055,0.003603999,0.003856367,3.5786e-05,0.001518903,0.483115874,0.160880079,0.255422287,0.001619758,0.06519375,1.354971056,2.138639768,1.610703721
0,"bi_mppi",44,2,2,12,0.008384247,0.003664728,0.003194187,3.4822e-05,0.00149051,0.491500121,0.164544807,0.258616474,0.00165458,0.06668426,1.352134869,2.20967123,1.559478151
0,"bi_mppi",45,2,2,12,0.007653787,0.003404719,0.002672748,3.3633e-05,0.001542687,0.499153908,0.167949526,0.261289222,0.001688213,0.068226947,1.352948545,2.281559191,1.555935304
0,"bi_mppi",46,2,2,12,0.00912975,0.003705736,0.004032376,3.5788e-05,0.00135585,0.508283658,0.171655262,0.265321598,0.001724001,0.069582797,1.354026832,2.354111916,1.540260418
0,"bi_mppi",47,2,2,12,0.008357625,0.003323405,0.003604851,3.4205e-05,0.001395164,0.516641283,0.174978667,0.268926449,0.001758206,0.070977961,1.356243958,2.426696518,1.441982395
0,"bi_mppi",48,2,2,12,0.007509458,0.00333354,0.002671643,3.4093e-05,0.001470182,0.524150741,0.178312207,0.271598092,0.001792299,0.072448143,1.366145324,2.503136554,1.439556291
0,"bi_mppi",49,2,2,12,0.007544122,0.003286615,0.002620002,3.3573e-05,0.001603932,0.531694863,0.181598822,0.274218094,0.001825872,0.074052075,1.373563418,2.559334762,1.503038769
0,"bi_mppi",50,2,2,12,0.008189253,0.003532545,0.003185503,3.3944e-05,0.001437261,0.539884116,0.185131367,0.277403597,0.001859816,0.075489336,1.37539628,2.586343656,1.58498244
0,"bi_mppi",51,2,2,12,0.008677007,0.003382758,0.004054175,3.4483e-05,0.001205591,0.548561123,0.188514125,0.281457772,0.001894299,0.076694927,1.374456207,2.652606329,1.589453999
0,"bi_mppi",52,2,2,12,0.007507601,0.003434211,0.002679209,3.3502e-05,0.001360679,0.556068724,0.191948336,0.284136981,0.001927801,0.078055606,1.373119574,2.724237878,1.627250819
0,"bi_mppi",53,2,2,12,0.032171136,0.003598658,0.027028878,3.7481e-05,0.001506119,0.58823986,0.195546994,0.311165859,0.001965282,0.079561725,1.368671848,2.802938435,1.576778945
0,"bi_mppi",54,2,2,12,0.007455477,0.003261433,0.002588931,3.4364e-05,0.001570749,0.595695337,0.198808427,0.31375479,0.001999646,0.081132474,1.368522769,2.82785694,1.665153582
0,"bi_mppi",55,2,2,12,0.007605356,0.003216698,0.002818389,3.4104e-05,0.001536165,0.603300693,0.202025125,0.316573179,0.00203375,0.082668639,1.36394696,2.876207443,1.693503915
0,"bi_mppi",56,2,2,12,0.007335432,0.003257874,0.002826804,3.3602e-05,0.001217152,0.610636125,0.205282999,0.319399983,0.002067352,0.083885791,1.361574387,2.895445476,1.691190304
0,"bi_mppi",57,2,2,12,0.008014532,0.003385296,0.003239301,3.4516e-05,0.001355419,0.618650657,0.208668295,0.322639284,0.002101868,0.08524121,1.353274152,2.964054331,1.69330712
0,"bi_mppi",58,2,2,12,0.007515689,0.003473823,0.002708998,3.3343e-05,0.001299525,0.626166346,0.212142118,0.325348282,0.002135211,0.086540735,1.343794027,3.041048765,1.680708663
0,"bi_mppi",59,2,2,12,0.007907286,0.003291288,0.003127182,3.4383e-05,0.001454433,0.634073632,0.215433406,0.328475464,0.002169594,0.087995168,1.335764896,3.113804677,1.732074426
0,"bi_mppi",60,2,2,12,0.044301155,0.003508313,0.03931297,3.6709e-05,0.001443163,0.678374787,0.218941719,0.367788434,0.002206303,0.089438331,1.325335882,3.177907832,1.746429145
