index,x1,x2,x3,x4,x5,x6,x7,x8,x9,x10,x11,x12
0,0.35,-1.55,1.35,-0.1,1.1,0,0,0,0,0,0,0
1,0.349991986375,-1.5495920968,1.3496620664,-0.100011606948,1.09990122725,-2.50807158581e-05,-0.000799031974572,0.0406663253088,-0.0336806467829,-0.00115724037106,-0.00984983922434,-0.00249970342791
2,0.349976161781,-1.54838435172,1.34864398739,-0.0999940642158,1.09959670298,-8.68935173795e-05,-0.00078347277942,0.0799881684749,-0.0680114768484,0.0028994552288,-0.0205725727302,-0.00367756234197
3,0.349953359898,-1.54639820621,1.34695445623,-0.0999205282638,1.09909583195,-0.000139373500272,-0.00149464127289,0.118508678006,-0.100830005352,0.00444938523321,-0.0294893831209,-0.00157736179293
4,0.349923302017,-1.54365981797,1.34461395031,-0.0998071640047,1.09842064123,-0.000154697742708,-0.00151109892564,0.155217804174,-0.133109857517,0.00687958979741,-0.0380055227873,3.95696107273e-05
5,0.34989451904,-1.54017866976,1.34162971585,-0.0996505503271,1.09758061625,-0.000159994654259,-0.00136761733199,0.192781870211,-0.165202577429,0.00877581366421,-0.0459742036974,-0.000567230533932
6,0.349860412433,-1.53596240352,1.33802175049,-0.0994519145335,1.09655216509,-0.000148439201895,-0.002041079137,0.22873427182,-0.19548805918,0.0110804983456,-0.0568399498542,0.00171515131303
7,0.349809161987,-1.53104142816,1.33381203949,-0.0992241954071,1.09534066184,-0.000114799157265,-0.0030809326273,0.263256837998,-0.225377539588,0.011689107999,-0.0642887633797,0.00164902558719
8,0.34974063013,-1.52543010301,1.32901460169,-0.0989878929551,1.09398912661,-5.6057977186e-05,-0.00377024270319,0.297768915428,-0.254263139881,0.0119398721886,-0.0708455176046,0.00421645051137
9,0.349664017419,-1.51913804418,1.32363368333,-0.0987468466515,1.09250725598,4.05076931678e-05,-0.0038906772615,0.331332655576,-0.283722694824,0.0121635628972,-0.0773224213867,0.00543591388934
10,0.349392355671,-1.51231161576,1.31827252104,-0.0983936230266,1.09091233282,0.00025476865716,-0.0232191220018,0.351247003873,-0.252489702266,0.0231255399116,-0.0821552483659,0.0159548137326
11,0.348347752314,-1.50548317747,1.31371801267,-0.0984484844253,1.08962591534,0.00104082783231,-0.081072472736,0.331653737469,-0.203118826709,-0.0284587191269,-0.0465843199236,0.0624948484033
12,0.34663205329,-1.49904592928,1.31003402907,-0.0985382855422,1.08805900619,0.00143321378102,-0.090470023234,0.312127666091,-0.165399613347,0.0193371909078,-0.109929428671,-0.0229719226499
13,0.344846622322,-1.49247008069,1.3064109857,-0.0981600824632,1.08580723519,0.000985539299792,-0.088080048551,0.345352662502,-0.196794439028,0.0184848069794,-0.11523120267,-0.0217987973626
14,0.34259133112,-1.48564414259,1.30249339248,-0.0980000557107,1.08451431556,0.00097832939296,-0.137305498753,0.337262104217,-0.194964803843,-0.00242054463282,-0.014340012906,0.0209353690766
15,0.339866443548,-1.47855926534,1.29826625386,-0.0980321323199,1.08415502838,0.00134961678117,-0.135189436512,0.371118270067,-0.227633397299,-0.000791871030054,-0.0215683473134,0.016208596137
16,0.337175669222,-1.47082529124,1.29342362634,-0.0980275152006,1.08365339081,0.00167168226187,-0.133891787037,0.40217954545,-0.25652517014,0.00124753020152,-0.0285755551776,0.0159981938953
17,0.33450683955,-1.46245919068,1.28801098473,-0.0979974708681,1.08299748464,0.0019980950247,-0.132993805242,0.434326755753,-0.28463632185,0.00175533209527,-0.0369911738125,0.0166404758555
18,0.331872339019,-1.45344803376,1.28203929227,-0.0979468278142,1.08220579055,0.0023310517735,-0.130463633674,0.46668357845,-0.312430189909,0.00330427204352,-0.0421632512069,0.0166546767714
19,0.329295670836,-1.44381283406,1.27549944017,-0.0978818429595,1.08124521869,0.00263150591913,-0.127212672566,0.496736992311,-0.341447015121,0.00319439540189,-0.0538606921439,0.0134011543621
20,0.326773872117,-1.43357871355,1.26839594376,-0.0978069080556,1.08011649984,0.00285583816124,-0.124973735424,0.5265751589,-0.3687989202,0.00429566646685,-0.0589960444308,0.00904626623149
21,0.324285192026,-1.42274885603,1.26076812558,-0.0977166388512,1.07887292106,0.00302952025849,-0.123897418524,0.556309732541,-0.393885496856,0.0047297683276,-0.0653432271717,0.00832410298336
22,0.321829639185,-1.4113261109,1.2526343639,-0.0976200531145,1.0775091211,0.00319531774975,-0.121664384277,0.585863074386,-0.419390594535,0.0049280045946,-0.0710199282341,0.00825563787388
23,0.319415584609,-1.39930340313,1.24399022276,-0.0974993670285,1.07599204866,0.00334170621132,-0.119746672207,0.616301759508,-0.44492199677,0.00713380177499,-0.0806593436779,0.00638922090032
24,0.317042324357,-1.38668846787,1.2348177922,-0.0973451020523,1.07431097496,0.00347278767495,-0.117585661411,0.645089185572,-0.472212205446,0.00828893245931,-0.087427896199,0.00671764374644
25,0.314712053893,-1.37350683611,1.22513152598,-0.0971503012033,1.07250445154,0.00359464275743,-0.115447626253,0.672972384702,-0.496314671089,0.0111821496893,-0.0932069600357,0.0054718433795
26,0.312441760607,-1.35979005953,1.21497640324,-0.0969115756325,1.07055385407,0.00367384546031,-0.111592950489,0.698608635211,-0.519100736099,0.0126854258491,-0.101827289673,0.00245835893266
27,0.309851960341,-1.34561916509,1.20471659218,-0.0974014910725,1.06812371924,0.00306114965851,-0.147282983318,0.718400081897,-0.506899322863,-0.0614562124633,-0.14107522829,-0.0635071790367
28,0.306952265737,-1.33155190243,1.19530045075,-0.0980233007741,1.06547777516,0.00265154233216,-0.142699851365,0.688396072767,-0.434934249755,-0.000902798121634,-0.123565694536,0.0222611349326
29,0.304453476982,-1.31822880151,1.18628371248,-0.0995990533926,1.06387576756,0.00188693335933,-0.107282333528,0.64402764297,-0.466613932458,-0.156208825053,-0.0368745851009,-0.0983190059272
30,0.302327905727,-1.3050843392,1.17671897789,-0.10268727264,1.06307813311,-4.6458782553e-05,-0.105280635113,0.670316045092,-0.489760611426,-0.152616921378,-0.0428715574418,-0.0950284192166
31,0.300234720466,-1.29140362384,1.16669581585,-0.10569184077,1.06216974523,-0.00189515230223,-0.104041509913,0.697647673566,-0.51245659373,-0.147847389399,-0.0479523820809,-0.0898555388584
32,0.298168020055,-1.27719701553,1.15622245888,-0.108601230295,1.06113485436,-0.00368317119248,-0.102632645063,0.722909436383,-0.534779706544,-0.143099209783,-0.0555148595452,-0.0889468288594
33,0.296146010961,-1.26248736959,1.14530150507,-0.111408498973,1.05998437539,-0.00549314045556,-0.0995771808633,0.747949807231,-0.557214196608,-0.137637645747,-0.059520975474,-0.0920372144682
34,0.294163392401,-1.2472871924,1.13393997747,-0.114119765024,1.058710913,-0.00730305061325,-0.0986872752359,0.771963279845,-0.578838019558,-0.133495252126,-0.0678012259359,-0.0889614722866
35,0.292211489829,-1.23160541204,1.12216178193,-0.116744663081,1.05725470132,-0.00904647828908,-0.0965093387522,0.796107199116,-0.598884463958,-0.129002078041,-0.0777910052334,-0.0853907112108
36,0.290295530276,-1.21546542719,1.10998125351,-0.119275650647,1.05560654258,-0.0107204791005,-0.0950907585085,0.81778862632,-0.619069024846,-0.124105606691,-0.0869979456857,-0.0820182239875
37,0.288415701215,-1.1988790861,1.09740625479,-0.121745921708,1.05378202821,-0.0123330772219,-0.0928985459275,0.840736256606,-0.638332688405,-0.122919569378,-0.0954285762701,-0.0792485205427
38,0.286581743748,-1.18184638706,1.08443221906,-0.12418074859,1.05178318488,-0.013889673489,-0.0905041885643,0.862425421679,-0.658966197749,-0.120564731476,-0.10442911023,-0.0764183201345
39,0.284082809865,-1.16514234073,1.07137395603,-0.127137158158,1.04905129815,-0.0146106342262,-0.159188869768,0.808101712656,-0.646863401581,-0.174908697671,-0.168579109521,0.00405502891218
40,0.280600727018,-1.1494077769,1.05825165383,-0.1302507015,1.04587201357,-0.0125196335968,-0.18893266779,0.76544255867,-0.665267342895,-0.136552427928,-0.149399983288,0.204374317689
41,0.276143891641,-1.13444858068,1.04538672515,-0.132901594988,1.04327846637,-0.008057104479,-0.256553646847,0.730541986461,-0.621333709167,-0.12855478312,-0.110061844124,0.241747650888
42,0.270731778352,-1.12045781539,1.03218640472,-0.135741092291,1.04139396814,-0.00326970547637,-0.284575960312,0.668683079724,-0.698401302081,-0.155309428748,-0.0784741439893,0.237001242355
43,0.265537166145,-1.10750495922,1.01892673667,-0.137925576103,1.03970675259,0.00152243710431,-0.235029785365,0.626692443692,-0.627759736143,-0.0634064484779,-0.0902133828641,0.242188888151
44,0.260379715272,-1.09545107086,1.00612634078,-0.138404003954,1.03872912576,0.00622558559892,-0.280582448165,0.578806008753,-0.652157872554,0.0153314222336,-0.00777746658609,0.228165996158
45,0.254599034636,-1.08385886077,0.993416760883,-0.13965957216,1.03978918386,0.00876183473338,-0.297436469476,0.580374480474,-0.618869884903,-0.140423993285,0.113445650377,0.0261287603767
46,0.248711416998,-1.07201413185,0.980863790262,-0.142410831703,1.04197853339,0.00928000293969,-0.291343080384,0.603989110788,-0.636327508754,-0.13471283555,0.105509507719,0.02568878777
47,0.242937393033,-1.0596940261,0.967979260044,-0.145047402317,1.04396533993,0.00978979187312,-0.286074695459,0.627908862398,-0.652029783119,-0.128955491585,0.0932036663016,0.0252907054093
48,0.236484416088,-1.04730400917,0.955432559763,-0.147530244008,1.04624034755,0.0104586413775,-0.359010279173,0.611103225407,-0.602761425257,-0.119351679794,0.134181370306,0.0415391293845
49,0.229249079372,-1.03557663507,0.944189051985,-0.150178112426,1.04852851123,0.0102676653301,-0.364507375047,0.561745148726,-0.52181992106,-0.145352311279,0.0947426494634,-0.0602970063611
50,0.222060432215,-1.02481650252,0.934501675776,-0.152485157549,1.05010307955,0.00929502220833,-0.354386875616,0.51437557041,-0.44713235858,-0.085524402652,0.0628016038683,-0.0370434308206
51,0.214232062314,-1.0150922636,0.925174570232,-0.154647478503,1.04994774474,0.00931587897475,-0.428234736764,0.458185650538,-0.485417141959,-0.130569484475,-0.0779439932469,0.0388760117232
52,0.205106534556,-1.00660424677,0.916255848655,-0.155885866316,1.04904820518,0.0105174568825,-0.484154954511,0.390791378161,-0.406685076917,0.00632780501829,-0.0121918647342,0.0811391873397
53,0.19512350675,-0.999305441278,0.908835628483,-0.155442996843,1.04829955327,0.0126872203259,-0.514060621285,0.339220180797,-0.335546839368,0.037864729896,-0.0625328681607,0.135652350942
54,0.185137564777,-0.992150920633,0.902334917965,-0.154466863711,1.04546692104,0.0144439252218,-0.484619470672,0.376093586928,-0.314570072169,0.0596818003263,-0.220289783218,0.0403333646191
55,0.174993208746,-0.985145724809,0.895806453539,-0.152558646361,1.04138283929,0.015988474727,-0.529684711359,0.324557389371,-0.338173333372,0.130924662092,-0.18820410219,0.113874245648
56,0.163846636313,-0.978997895865,0.887846136725,-0.151014135594,1.03863945567,0.0176857412337,-0.584811765486,0.290307136382,-0.457430863678,0.0238403065667,-0.0864147011238,0.0560427569822
57,0.152546125553,-0.973162276387,0.879487413328,-0.152098808649,1.03812174486,0.0197239440002,-0.545354422593,0.293224138124,-0.378672199425,-0.131843953344,0.0343087121082,0.147469854542
58,0.141099684699,-0.9674822409,0.872234213965,-0.154109856321,1.03925015689,0.024646294091,-0.599132830671,0.274814131294,-0.346726367576,-0.0694412950741,0.0784090373221,0.344102689365
59,0.128543669001,-0.961958765496,0.865889034093,-0.155917402998,1.0414612824,0.0317034954879,-0.656302019366,0.277504247318,-0.287962926626,-0.111185723049,0.142523557207,0.3615492328
60,0.115618437669,-0.956699158512,0.859880013187,-0.158360823854,1.04263235273,0.0368523918613,-0.636279543213,0.248524648181,-0.31283283742,-0.133086116157,-0.0249522932377,0.154024815967
61,0.103338745537,-0.952364336698,0.853981897694,-0.160590319623,1.04027894559,0.0399201052185,-0.591819376284,0.185134020673,-0.277074742149,-0.0899862751185,-0.209872773886,0.15274640869
62,0.0908639861627,-0.949333653672,0.849212812748,-0.161339432518,1.03523658331,0.042313564884,-0.655470933785,0.118126752429,-0.200071577713,0.0147662547812,-0.294125158466,0.0868159161421
63,0.0770831112316,-0.947338688502,0.845478641828,-0.160519160963,1.0295450719,0.0429107028686,-0.722421313125,0.0814737137333,-0.173419527157,0.0671040311733,-0.275074051059,-0.0267244988169
64,0.0619796522543,-0.946390849352,0.841815762096,-0.159804698062,1.02288612356,0.0406172435565,-0.787734117737,0.013513617635,-0.192789282297,0.00452610593004,-0.390494434604,-0.202033796865
65,0.0455254641302,-0.94663308954,0.838635751166,-0.158505626975,1.01640448158,0.0366404116379,-0.857481296901,-0.037580984008,-0.125423627254,0.125021139434,-0.258032074032,-0.195664956403
66,0.0279167130551,-0.947791069661,0.836782090508,-0.1559549285,1.01041725712,0.0312641417189,-0.903260324341,-0.0780890757077,-0.0601525601041,0.130028279675,-0.340456149536,-0.341468357797
67,0.0103279208382,-0.949892114384,0.836275365948,-0.152707440338,1.00503146718,0.0249898420065,-0.855757490194,-0.131843426107,0.00925080661938,0.194522322902,-0.198512355234,-0.286137105942
68,-0.0063685690378,-0.95302863062,0.837077250027,-0.147843157564,0.999876949639,0.0203828684626,-0.814013291795,-0.181644300008,0.0707294607533,0.291607622687,-0.316606744827,-0.174924389716
69,-0.022508619153,-0.957184904454,0.839142326758,-0.14091280811,0.994862740037,0.0164756416346,-0.800032534065,-0.233808123132,0.135553858461,0.401087717968,-0.185174783319,-0.215656945089
70,-0.0385852101976,-0.962392227063,0.842486329181,-0.131819577656,0.992284075378,0.0125734446171,-0.8076045208,-0.286742916563,0.198622791885,0.507898856488,-0.0730009385664,-0.174693735972
71,-0.0548421650812,-0.968607170054,0.847039067314,-0.12227488637,0.991800756632,0.00874609882155,-0.818060506477,-0.334582032991,0.25644018057,0.44673049027,0.0243989469378,-0.207924614592
72,-0.0710610197393,-0.975783935959,0.852705385245,-0.11341387795,0.993283116108,0.00588985626358,-0.803866396147,-0.382920304401,0.3099906908,0.439372617556,0.12356020432,-0.0781282239321
73,-0.087491198169,-0.983893565001,0.859147435382,-0.104006473768,0.995344045822,0.00304629813062,-0.839048865352,-0.427875496492,0.334108611044,0.501163957655,0.0826445545612,-0.205797965664
74,-0.10353951983,-0.992850359556,0.866329149501,-0.0947925703212,0.996346088133,-0.00190571677302,-0.765996411789,-0.467649923455,0.383868932895,0.42044519565,0.0177390645204,-0.289118724176
75,-0.118572415795,-1.00263770975,0.874481507791,-0.0869648963189,0.997822735396,-0.00700099061079,-0.73737669467,-0.510917882836,0.43117770003,0.362476654491,0.129613565285,-0.220629689815
76,-0.133527992412,-1.01323427371,0.883559331135,-0.0797979044287,1.00083504713,-0.0103018105598,-0.758120496134,-0.548586048242,0.476419112381,0.354231109991,0.171498551274,-0.10981697454
77,-0.148578496943,-1.02456732156,0.893581981358,-0.0717224474455,1.00476373043,-0.0130311877701,-0.746962535459,-0.584569490872,0.525643940373,0.453004057162,0.221228126755,-0.162939776838
78,-0.163139626113,-1.03662030313,0.904504041612,-0.0630199617949,1.01013300221,-0.0158011496491,-0.709260381637,-0.620577633626,0.566385525983,0.417330928557,0.315432604327,-0.114214877592
79,-0.176663257295,-1.0493184813,0.916215410106,-0.0541431371884,1.01626156776,-0.0171529087476,-0.643295170316,-0.649110621137,0.604580930861,0.470175286492,0.297468459833,-0.0212689257061
80,-0.189015143879,-1.06258201128,0.928642291426,-0.0452656573977,1.02171762966,-0.017211873462,-0.592043004966,-0.677113529518,0.637950974404,0.417708463413,0.248269639231,0.015250805353
81,-0.200801520315,-1.07634428967,0.941740710948,-0.0376263333706,1.02711899973,-0.0163804868146,-0.586610510188,-0.69900353756,0.671731753524,0.346418221092,0.291741945455,0.0677118028848
82,-0.21193722369,-1.09042905044,0.955532329951,-0.0311189169441,1.03332532441,-0.0154151848686,-0.527133331829,-0.709396922408,0.707263518183,0.304433380922,0.328782322198,0.0289462341878
83,-0.22202567664,-1.10481724112,0.969981862519,-0.0245138293247,1.03899729831,-0.0146250998456,-0.481844082774,-0.729317757572,0.737539329901,0.355908208267,0.238660603769,0.049990991768
84,-0.231894843057,-1.1196839854,0.985032096264,-0.0170667086253,1.04432772505,-0.0136206233472,-0.50500502646,-0.757227777001,0.767334279842,0.388690202672,0.294223255581,0.0504536831546
85,-0.24199486897,-1.13505326846,1.00052829407,-0.00889418528859,1.04939692862,-0.0126360951164,-0.504997609108,-0.779588460362,0.782185236148,0.428426255344,0.212918733142,0.0480058950811
86,-0.251665690437,-1.15081233556,1.01582724016,-0.000823435185029,1.05414171783,-0.011832181684,-0.462209361485,-0.796223996242,0.747775141966,0.378777941635,0.261421545031,0.0324362007952
87,-0.260680945894,-1.16680082456,1.03092240834,0.00646286727863,1.0587340178,-0.0114346399429,-0.439382783623,-0.802562940767,0.761648327704,0.34992162788,0.197980922026,0.0074008578503
88,-0.269187279072,-1.18299489081,1.04625826389,0.0140292983231,1.06194296129,-0.0114626899385,-0.411332369028,-0.816758825452,0.771856544618,0.406536934099,0.123118773399,-0.0101473231929
89,-0.276848744507,-1.19932231677,1.06183432868,0.0216148339664,1.06466042777,-0.0108698188967,-0.354978561094,-0.815945948149,0.785657795215,0.352160904276,0.14855502278,0.0691691921518
90,-0.284188632587,-1.215726245,1.07759143766,0.0279203069314,1.06724684329,-0.00963114935747,-0.37894037291,-0.824382343987,0.789993271273,0.278590381129,0.110191017047,0.0547440790104
91,-0.291555114348,-1.23216495635,1.09327207353,0.0330396255335,1.06951218299,-0.00831555462568,-0.357769569392,-0.81946655643,0.778066214931,0.233463825356,0.116324103583,0.0767401969926
92,-0.29838506478,-1.24813640009,1.10869379454,0.0383694446363,1.07107348402,-0.00662175416703,-0.325320135777,-0.777770358425,0.764110550182,0.299311160707,0.0400167207797,0.0925846179815
93,-0.305121260375,-1.2636582176,1.12323647883,0.0436292290143,1.07130900462,-0.00569911034584,-0.348232608967,-0.774389682277,0.690365391477,0.226870246013,-0.016308388952,-1.28920550548e-05
94,-0.31194083368,-1.27892198787,1.13712931321,0.0475679812168,1.07142624883,-0.00490826699321,-0.333766929471,-0.752025512871,0.698854231761,0.167173116444,0.0279098879381,0.0788332775111
95,-0.318113132219,-1.29394040274,1.15120609956,0.0504633725002,1.07273546911,-0.00375974751355,-0.283609235222,-0.749794718334,0.708756478125,0.122491977986,0.1028030606,0.0361592795884
96,-0.323704998442,-1.30879588382,1.16528222215,0.0524032296121,1.07535577594,-0.00385700874329,-0.275600758311,-0.735769804472,0.698854955838,0.0716401018722,0.159069250719,-0.0456126893311
97,-0.328841724008,-1.32315759805,1.17856924475,0.0544873060947,1.07852561434,-0.00448161094915,-0.238180953661,-0.700485051071,0.630045733268,0.13657054342,0.157915298215,-0.0169422090664
98,-0.333556886718,-1.33687612051,1.19058824247,0.0575200126199,1.08072110056,-0.00408284459882,-0.233349420265,-0.671433953129,0.57202031673,0.166604399516,0.061898317761,0.0565732227352
99,-0.338549262328,-1.35011859737,1.20190176524,0.0606434163719,1.08265996606,-0.00371579892914,-0.265793520814,-0.652850504656,0.559349387593,0.145790722873,0.131792566706,-0.0196152166534
100,-0.344127812063,-1.36268091583,1.21281711666,0.0632165747228,1.08560989241,-0.0039320415822,-0.2919850711,-0.603513910432,0.53225281861,0.111620653564,0.163110779561,-0.00206723376357
101,-0.350016629853,-1.3743521969,1.22261539816,0.0659669395216,1.08817328113,-0.00446189081799,-0.296882436747,-0.563719869292,0.447836410364,0.163256740273,0.0934196984322,-0.0507546419457
102,-0.355860430581,-1.38565908705,1.23143164453,0.0690100412507,1.09002705099,-0.00515087433021,-0.287524942471,-0.566945046813,0.433817148866,0.141112304297,0.0919599154754,-0.0182510722848
103,-0.361210515442,-1.39703510549,1.23994251037,0.0720453375825,1.09152769277,-0.00499099474358,-0.247600006359,-0.570632050148,0.417307691289,0.162347688812,0.0581968971285,0.0340644171251
104,-0.365877197112,-1.40833713669,1.24827805716,0.0744301689355,1.09253073438,-0.0040125581137,-0.219151149085,-0.559592134169,0.416234533568,0.0763848663623,0.0421510689249,0.0636791340856
105,-0.36980469264,-1.41884652716,1.25644842188,0.0753535337168,1.09418794399,-0.00322339968746,-0.173730891661,-0.491543356329,0.400837931044,0.0161281029269,0.123343090522,0.0153965256992
106,-0.373177239701,-1.42863459898,1.26385210444,0.0762170879519,1.09611568614,-0.00240528407115,-0.163553506796,-0.48726731853,0.33972048725,0.0700655971474,0.0695790034815,0.0662443753818
107,-0.376405824312,-1.43750563163,1.2705248037,0.0772424076958,1.09705198465,-0.00135590202555,-0.159317317416,-0.400093522104,0.327577958781,0.0325751883902,0.0241762571681,0.0387838678338
108,-0.379802557548,-1.44540397628,1.27686741898,0.0774694077752,1.09833289897,-0.000869152707593,-0.180294827756,-0.389765644658,0.306741896293,-0.00975027640168,0.103693322552,0.0099863618156
109,-0.383197389797,-1.45301827131,1.28313705996,0.0778542241067,1.10005004972,-0.00104721302176,-0.15924978766,-0.371712738127,0.32016668149,0.0480597719542,0.0681192739213,-0.0276666286995
110,-0.386488064281,-1.4604753279,1.28911975521,0.0792439899444,1.10122014264,-0.00229112667846,-0.169786934013,-0.373980369227,0.278232555891,0.0907871387865,0.0489424059256,-0.0964935385948
111,-0.389734913763,-1.46750750693,1.29473850025,0.0801576679621,1.10125703781,-0.00375990134399,-0.1549413222,-0.329368513625,0.283614740428,0.000845131010199,-0.0449919850143,-0.0505350287104
112,-0.39288530565,-1.47401609733,1.30026225282,0.0801513437603,1.10046871144,-0.00403802646923,-0.160082877026,-0.321510157928,0.26880096239,-0.00147067567762,-0.0338709506659,0.0224795298925
113,-0.395812939038,-1.48056398866,1.30553388885,0.080258039979,1.10006517253,-0.00312655831423,-0.132760161581,-0.33323916791,0.258388986536,0.0120998532132,-0.00655850532498,0.0685125414423
114,-0.398094750834,-1.48733975197,1.3104016887,0.0810106588478,1.1000163072,-0.00220128317988,-0.0955296150748,-0.34429955224,0.228483107276,0.0630095275812,0.00164921018541,0.0241614897481
115,-0.400099973382,-1.49377577279,1.31472308978,0.0823409875335,1.1002186239,-0.00211716697344,-0.104965123224,-0.299435834365,0.203732890402,0.0699996863174,0.0185354008673,-0.0156173921917
116,-0.402023573415,-1.49952036075,1.3188474043,0.0839047227827,1.10023354952,-0.00197406239164,-0.0874459832134,-0.27509432289,0.208675876047,0.0863220175466,-0.0169442944313,0.0297763331288
117,-0.403905060831,-1.50490175148,1.32296835745,0.0853791585959,1.09994234521,-0.00129528029229,-0.100664208409,-0.263078922806,0.20343081703,0.0611927579545,-0.0121891266145,0.0380732520914
118,-0.405776549741,-1.51003385662,1.32679741027,0.0864955577789,1.09975302611,-0.0010757247859,-0.0865259245394,-0.250168783277,0.179548488054,0.0504764425716,-0.00675772763894,-0.0159379763491
119,-0.407502272464,-1.51474240549,1.3305024029,0.0872542674151,1.0999829778,-0.00113476366802,-0.0860477463078,-0.220773867928,0.190907589523,0.0254669439338,0.0296515849483,0.00994788573772
120,-0.409095554083,-1.51915834948,1.33432649566,0.0878627684587,1.10052620935,-0.000467432968799,-0.0733175498919,-0.220818819966,0.191494321145,0.0353525246599,0.02468495724,0.0566286291242
121,-0.410442190681,-1.5233810029,1.33824477653,0.0887265874739,1.10093846337,0.000479560239013,-0.0613809289284,-0.201504003235,0.200298962447,0.050981160449,0.0165626967733,0.0381309999523
122,-0.411863708466,-1.52739313848,1.34240587769,0.0894769689914,1.10103487694,0.00101266640774,-0.0807144617872,-0.199713806092,0.215753942347,0.0241348751551,-0.00685635926356,0.0152551098407
123,-0.413376363649,-1.53137710308,1.3467031155,0.0894610594613,1.10082938936,0.00100528558849,-0.0705806177661,-0.19868469904,0.213970011222,-0.0255784968041,-0.0136733079938,-0.0158893658348
124,-0.414771858065,-1.53532871629,1.35088173912,0.0889874796444,1.10072996508,0.000500340974256,-0.0689735144355,-0.19648235737,0.203920339333,-0.0217896636924,0.00368274300488,-0.0345421989531
125,-0.416360537078,-1.53918243877,1.35452090017,0.0885567792412,1.10110017392,1.83522877075e-06,-0.0898335470498,-0.188912108735,0.1601369949,-0.0212809315707,0.0332557153593,-0.0153715669502
126,-0.418272934804,-1.54291854423,1.35766357308,0.0881005667489,1.10163569538,-0.000249906584687,-0.101372573491,-0.184710510691,0.154146254743,-0.0243302738968,0.0203319276156,-0.00982075810283
127,-0.420271021134,-1.54644714506,1.3607136602,0.0878150290129,1.10206432852,-8.28839017685e-05,-0.0984446040659,-0.168199287271,0.150869542641,-0.00428226867008,0.022524972577,0.0264020449189
128,-0.422221563788,-1.54994437646,1.3638167824,0.0876674660881,1.10207484015,0.000412505558771,-0.0966150022044,-0.181482848915,0.159410359963,-0.0104554070395,-0.0213519366754,0.0231470445814
129,-0.423981808573,-1.55361723499,1.366639625,0.0871635613216,1.10215881604,0.000490281285003,-0.0794595183183,-0.185789422292,0.122991845955,-0.0398468710006,0.0296079063454,-0.0152416200814
130,-0.425562463389,-1.55739245329,1.36920778801,0.0867087217052,1.10268076774,0.000214476089163,-0.0786084492498,-0.191713974219,0.133785377175,-0.00573714870556,0.022606321512,-0.0123481510459
131,-0.426869064545,-1.56117793595,1.37186588698,0.0862433321304,1.10321309281,0.00017835031507,-0.0521289032622,-0.186848837231,0.132027213213,-0.0406971960521,0.0306035722855,0.00866557907083
132,-0.427971496867,-1.5648447327,1.3743778909,0.0856158296665,1.10360097156,0.000152370442665,-0.0580969242229,-0.179851980437,0.119212939043,-0.0221067442424,0.00824611610426,-0.0111973192841
133,-0.429066819957,-1.56837693547,1.37676867565,0.0853558642923,1.10395141586,-0.000474957727393,-0.0514547607267,-0.173387906551,0.11986059972,-0.00394303557211,0.0267466612354,-0.0514005913908
134,-0.430040827176,-1.57177436912,1.37910940008,0.0852133237898,1.10464574698,-0.00195759200469,-0.045961984342,-0.166376817524,0.114227933049,-0.0102918883203,0.0426417785302,-0.0967096905291
135,-0.430839945941,-1.57510753882,1.38145264392,0.0851370676881,1.10560577831,-0.00349026544095,-0.0339848281693,-0.16693850671,0.120074305535,0.00262816589297,0.0533309457572,-0.0566888703131
136,-0.431444027981,-1.57836209862,1.38385857524,0.0851087402778,1.1063075241,-0.0044977582481,-0.0264453678862,-0.158543195824,0.120514664071,-0.0054369480709,0.0169441851914,-0.0441009333485
137,-0.432066880617,-1.5815953444,1.3864077573,0.0848278392788,1.10660217024,-0.00554000000866,-0.0358125753401,-0.164762632517,0.134354590136,-0.0226016729707,0.0125324649511,-0.0600685305378
138,-0.432825258013,-1.58497853665,1.38908061922,0.0846050734361,1.10660189801,-0.00626392266403,-0.0400129147251,-0.173530161093,0.132933426379,0.000257850780693,-0.012490179758,-0.0124813271929
139,-0.433546363716,-1.58851239236,1.39192901854,0.0846829188208,1.106657766,-0.00619660760104,-0.0321206767464,-0.17983657308,0.151840423336,0.00750504272394,0.0179922632218,0.0191074410926
140,-0.434130213176,-1.59211748098,1.39494597858,0.0847436957749,1.10681230011,-0.00555926358856,-0.0262813024782,-0.180670225369,0.14985899795,-0.00140109368676,-0.00248209361256,0.0445412712561
141,-0.434733910686,-1.59557747985,1.39789410416,0.084704664373,1.10694608549,-0.00452672640004,-0.0340657447069,-0.165376811341,0.144966804867,-0.00249870803004,0.0158097205848,0.0586638991956
142,-0.435412697857,-1.59874579716,1.4008867997,0.084720989864,1.10769992267,-0.00333501741722,-0.0338137089895,-0.151497783578,0.154268687005,0.00411163517552,0.0594522074593,0.060499181652
143,-0.436021517304,-1.60179432247,1.40402403739,0.0846001131743,1.10893033666,-0.00210452781343,-0.0270878546865,-0.153349708575,0.159434714394,-0.0161390358727,0.0635768216701,0.0625412167924
144,-0.43653841964,-1.60461724142,1.40732100847,0.0842953286873,1.11019586328,-0.000733562886554,-0.0246096084645,-0.129016962424,0.170223187876,-0.014344056984,0.0629765722335,0.0745134128966
145,-0.436969582102,-1.60721982182,1.41058696668,0.0839725801462,1.1115925049,0.000789985745059,-0.0185243877289,-0.131234932169,0.156415508241,-0.0179194894806,0.0766485815654,0.0778282276964
146,-0.43738580005,-1.6097960352,1.41365475839,0.0835444825349,1.11319549229,0.00213968555712,-0.0230841084847,-0.126401789529,0.150380877058,-0.024868734631,0.0836295865138,0.0572085608932
147,-0.437936924471,-1.61245883981,1.41636825843,0.0828344176865,1.11433259917,0.00263088628442,-0.0320023226879,-0.139838442237,0.121064330143,-0.0460733519825,0.0302286048758,-0.00787225173717
148,-0.438627045656,-1.61511965696,1.41873533744,0.0817998679464,1.11509994808,0.00263123088625,-0.0369952343498,-0.126285347585,0.115659425321,-0.0573459334917,0.0464606355153,0.00785428938048
149,-0.439347146439,-1.61754038696,1.42106988961,0.0810676682809,1.11604805328,0.00315948628201,-0.0350206050295,-0.1158202868,0.117786600375,-0.0159949321996,0.0483439603848,0.0448471864813
150,-0.440065230956,-1.61993080908,1.42336601584,0.0811678645516,1.11735903226,0.00398121383381,-0.0367827086568,-0.123200201847,0.111843797736,0.0258902356371,0.0826576652871,0.0373493893982
151,-0.440581099688,-1.62242891659,1.42562628921,0.0818536574612,1.11882195756,0.00438703097651,-0.0148680850804,-0.12660102876,0.114173800488,0.0426379160882,0.0636865001819,0.00334509421348
152,-0.440814999324,-1.62497023323,1.42798040958,0.0825863160702,1.1199413758,0.00418312782306,-0.0085403354214,-0.127528709685,0.121212751816,0.0306618079251,0.048297260815,-0.0236451508171
153,-0.441154414464,-1.6276409946,1.43033524794,0.0831230621411,1.12091903088,0.00345919830248,-0.0253521436628,-0.139511899786,0.11429216414,0.0230342115502,0.0494642980475,-0.0486633741942
154,-0.441778314778,-1.63038871869,1.43271147723,0.0837767392103,1.12157717467,0.00268372209747,-0.0370039038732,-0.135274496336,0.123298767482,0.0422750404492,0.01644133636,-0.0289488555699
155,-0.442671519722,-1.63319149348,1.43511592759,0.0845549837062,1.12194945088,0.0018545417773,-0.0522720592752,-0.144974564567,0.117164752608,0.0355675612075,0.0207739815744,-0.0538848732905
156,-0.443619694102,-1.63593418198,1.43744749918,0.0851385395848,1.12274681356,0.000583125764067,-0.0425736685043,-0.129343097051,0.11599443627,0.0228244923744,0.0588559280823,-0.0731905619368
157,-0.4444178114,-1.63850793586,1.43990636299,0.0855230249541,1.12386274701,-0.00061553426389,-0.0372535804663,-0.128037415524,0.12984384148,0.0156444678687,0.0527535656509,-0.0467618273276
158,-0.445138067644,-1.64116758255,1.44258544452,0.0861130777247,1.12503261971,-0.00135510248448,-0.0347792624381,-0.13789842894,0.138034937274,0.0432776295644,0.064201066505,-0.0272589497343
159,-0.445684448794,-1.64380248323,1.44558304525,0.0871647635067,1.12624625992,-0.00207867755023,-0.0199022462463,-0.125630293293,0.161644169831,0.0618336429012,0.05718158425,-0.0450382601168
160,-0.446021137392,-1.64622262355,1.44864761848,0.0882064823688,1.12768669954,-0.00261842239013,-0.0137844582833,-0.116413031511,0.144866818083,0.0423935388423,0.0867791339921,-0.00905539743873
161,-0.446219828201,-1.64843191343,1.45135175551,0.0887041479114,1.12916684613,-0.0029790597233,-0.00610701622011,-0.104553233042,0.12560912917,0.00747537425568,0.061305234363,-0.0269481785976
162,-0.446275283537,-1.65063735967,1.45354354044,0.0889206954663,1.13064710415,-0.00340158179764,0.000542088768238,-0.115957794808,0.0936742669697,0.0141590991248,0.0866491176932,-0.015342113235
163,-0.44619794698,-1.65299807476,1.45554567353,0.089145931442,1.13200594832,-0.00370297784208,0.00717222875053,-0.120102361641,0.10649491705,0.00838112003112,0.0493379816302,-0.0147988721233
164,-0.446121620351,-1.65542391187,1.45775354809,0.0893624248599,1.13302934655,-0.00414882851857,0.000479953932528,-0.122475469729,0.114265133578,0.0132533072126,0.0529909726801,-0.0297357696941
165,-0.446024970323,-1.65783982985,1.46001112199,0.0895824467926,1.13400140688,-0.00488149705616,0.00915973237946,-0.119127917188,0.111499966351,0.00876170777086,0.0442386883086,-0.0434842106731
166,-0.445853770208,-1.66015792477,1.46239058161,0.0896658372653,1.13483755203,-0.00579241190957,0.0079637678337,-0.112702523618,0.126394788932,-0.000395712288881,0.0393887113767,-0.0475922817567
167,-0.445655545307,-1.66235322097,1.46499982133,0.089913649101,1.13552377134,-0.00619269574981,0.0118473951194,-0.106846271913,0.13450049544,0.0251008040897,0.0292608717013,0.00738122280177
168,-0.445466230383,-1.66461382351,1.46775058278,0.0903421051052,1.13602589044,-0.00587059301193,0.00709795069661,-0.119177798791,0.140553757573,0.0177655826102,0.0209737066694,0.0247706266084
169,-0.445407388643,-1.66709911567,1.47057665339,0.0909524637621,1.13681777496,-0.00509916758699,-0.00118960389522,-0.129322078133,0.142046612938,0.0431935927874,0.0581110314323,0.0522791201625
170,-0.445482748586,-1.66974703089,1.47332450524,0.0917136356307,1.13812722785,-0.00414256557064,-0.00633139335759,-0.135452486734,0.132767881265,0.0329522554667,0.0727925620652,0.0434092832856
171,-0.445718822842,-1.67229025929,1.47607123741,0.0919488327852,1.13951391122,-0.00362690254361,-0.0172442029232,-0.118922435178,0.141873408086,-0.00930784711982,0.0658939738375,0.00827340404472
172,-0.446090878455,-1.67477680862,1.47907053321,0.0919986548459,1.14090517442,-0.00351407207165,-0.0199534569519,-0.129701352137,0.158000744313,0.014220231506,0.0732110554767,0.00302697040864
173,-0.446581426798,-1.67735788914,1.48216878618,0.0922848024262,1.14227552676,-0.00326445149828,-0.0290747739404,-0.128412442457,0.151843410396,0.0143933809502,0.0638492367699,0.021871914108
174,-0.447167174581,-1.67975530614,1.48517748216,0.092594899887,1.14316665017,-0.00308341535683,-0.0294987689665,-0.11138288356,0.149033988637,0.0166091146374,0.0253693785254,-0.00368337349429
175,-0.447776899131,-1.68197456972,1.48809823451,0.0928631607672,1.14389299316,-0.00337938748789,-0.0314679438197,-0.110547650021,0.143059695079,0.0102352655346,0.0472037695074,-0.0258395631404
176,-0.448340850021,-1.68421139892,1.49085393235,0.0930523353345,1.14477263145,-0.00362160936945,-0.0249461688328,-0.113129078334,0.132543805509,0.00868636230706,0.0407773057461,0.00152649984348
177,-0.448832800037,-1.68653470803,1.4935167179,0.0932352511497,1.14582141279,-0.00384333405716,-0.0242508618696,-0.119185151273,0.133729548131,0.00960210164592,0.0640355026896,-0.0236148474749
178,-0.449283862417,-1.68878291809,1.49595079083,0.0932163264072,1.14749612322,-0.00431596521208,-0.0208652521037,-0.105678771936,0.109756552336,-0.0114322113142,0.103325256447,-0.0236474850854
179,-0.449597183529,-1.6909308102,1.49813494357,0.09281371979,1.14924310513,-0.00472987620114,-0.0104971009672,-0.10910171236,0.108661411862,-0.0287761719125,0.0714602592037,-0.0177626396821
180,-0.449879356395,-1.69298397034,1.50020209995,0.0922202495468,1.15099848888,-0.00473120037978,-0.0176991797477,-0.0962551138934,0.0980885863778,-0.030564242658,0.10398657281,0.0175126388955
181,-0.450189931437,-1.69493819928,1.50232082776,0.091780382297,1.15299441023,-0.0045925395233,-0.0133709494133,-0.0991605302653,0.113731173362,-0.0134721522547,0.0956274346574,-0.00357645372212
182,-0.450459737314,-1.69697944291,1.50454419026,0.0915334567857,1.15508171184,-0.00428892015221,-0.0136089447275,-0.104947897444,0.108621216571,-0.0112265066521,0.113052918208,0.0338133245871
183,-0.450678043824,-1.69920438276,1.50676754683,0.0911837887744,1.15713233217,-0.00345205446001,-0.00823737427429,-0.117509690665,0.113696658696,-0.0237025560639,0.0920660392479,0.0498186994684
184,-0.450996889506,-1.70142603439,1.50900812977,0.0909115655239,1.15871521885,-0.00271024543626,-0.0236023788621,-0.104696441748,0.110371878192,-0.00357879203181,0.0662931661233,0.0244457218092
185,-0.451571150798,-1.70354123964,1.51113567584,0.0908396243977,1.15990628503,-0.00232889286021,-0.033794025187,-0.106819469234,0.102408504061,-0.00361505409631,0.0528500025238,0.0137247286606
186,-0.452092960413,-1.70570523091,1.51299494074,0.0908669033578,1.16097983112,-0.00198593272512,-0.018431745329,-0.109573195033,0.0835800981665,0.00631347247783,0.0544993143242,0.0205480511498
187,-0.452390378768,-1.70768386713,1.51462019843,0.0912034694239,1.16202538456,-0.00178303654449,-0.0113308024187,-0.088356880743,0.0789605179543,0.0272802673597,0.0500676486667,-0.000189596674725
188,-0.452532035622,-1.70922829027,1.51602788844,0.0918465886801,1.16279977556,-0.00177681089375,-0.00285959164592,-0.0661545173286,0.0618650043917,0.0370014335954,0.027433812592,0.000808824781573
189,-0.452603697597,-1.71032791191,1.51698698517,0.0925622239468,1.16332091282,-0.00178095608472,-0.00430239770943,-0.0438765632917,0.0341367889672,0.034567721989,0.0246871997208,-0.00121658656382
190,-0.452673612145,-1.71073230401,1.51719073055,0.0931374517086,1.16375632244,-0.00156850324933,-0.00269374933593,0.00329321510891,-0.0136031786543,0.0229880920729,0.0188696363801,0.0223829017402
191,-0.452679625461,-1.71029253855,1.51648028823,0.0934689742215,1.16403891763,-0.00106589539505,0.00207849830478,0.0405701289721,-0.0572951815762,0.0102013125039,0.00941595650739,0.0278589133299
192,-0.452690897617,-1.70911205294,1.51475254196,0.0936459959835,1.16391228377,-0.000456709970839,-0.00319034604878,0.0773673753805,-0.115285570088,0.00750845113192,-0.0219920132177,0.0330414848524
193,-0.452732539006,-1.70723460847,1.51209858648,0.0938145146706,1.16315688759,0.000318969829795,-0.000980239253446,0.110278484438,-0.149993375034,0.00933762543595,-0.0534596972606,0.0444872361272
194,-0.452756932714,-1.70457735474,1.50876313337,0.0941332498465,1.16176030599,0.00082392984375,-0.00145773881286,0.155312028492,-0.183439247362,0.0224962000311,-0.0861068540167,0.00613588345118
195,-0.452731353512,-1.70109536158,1.50486160639,0.0945633400745,1.16002089215,0.00107705379022,0.00399974094678,0.192776169975,-0.206634642709,0.0205177342423,-0.0878285959227,0.0191328268023
196,-0.452623417424,-1.69694310996,1.5005269431,0.0950415032862,1.15795405767,0.00150753297084,0.0067857420665,0.222362369717,-0.226762829819,0.0272775015962,-0.118767535288,0.0238985912847
197,-0.452450592416,-1.69226306265,1.49564523663,0.0956317561984,1.15600171835,0.00191750187438,0.0104859665006,0.24557547679,-0.261290604268,0.0317332831504,-0.076582275605,0.0171203086863
198,-0.452197856879,-1.68693351345,1.49036371644,0.0963803142734,1.15459572963,0.00210598532902,0.0147750775322,0.287256632871,-0.266840463729,0.043087229512,-0.0640504645671,0.00177890617945
199,-0.451764370221,-1.68096977643,1.48468076775,0.0974423924686,1.15337059029,0.00228600844477,0.0285334596159,0.309055135152,-0.301336592524,0.0630590685327,-0.0584781242685,0.016175160878
200,-0.451159820202,-1.67448331847,1.47867010709,0.0983459975406,1.15196494345,0.00262097490035,0.0319116902429,0.339502494712,-0.299731626103,0.0274050817909,-0.0820202156562,0.017317200082
